time,open,high,low,close,volume
2025-05-14T22:00:00.000Z,5904,5904,5901,5901.5,504
2025-05-14T22:01:00.000Z,5901.5,5903.25,5901.5,5902.75,230
2025-05-14T22:02:00.000Z,5902.5,5903.5,5902.5,5903.25,110
2025-05-14T22:03:00.000Z,5903.5,5903.5,5902,5902.25,89
2025-05-14T22:04:00.000Z,5902,5902.5,5901,5901,175
2025-05-14T22:05:00.000Z,5901.25,5901.5,5900.25,5900.5,229
2025-05-14T22:06:00.000Z,5900.75,5902,5900.25,5901.75,108
2025-05-14T22:07:00.000Z,5901.75,5902,5901.25,5901.75,108
2025-05-14T22:08:00.000Z,5901.5,5902.75,5901.5,5902.75,145
2025-05-14T22:09:00.000Z,5902.5,5903,5902,5902,212
2025-05-14T22:10:00.000Z,5902,5902.25,5902,5902,43
2025-05-14T22:11:00.000Z,5902.25,5902.5,5902.25,5902.25,20
2025-05-14T22:12:00.000Z,5902.25,5902.5,5901.5,5901.75,111
2025-05-14T22:13:00.000Z,5901.5,5901.5,5901,5901,127
2025-05-14T22:14:00.000Z,5901,5901,5900.25,5900.75,137
2025-05-14T22:15:00.000Z,5901,5901.75,5900.75,5901,97
2025-05-14T22:16:00.000Z,5901.25,5901.75,5901,5901,54
2025-05-14T22:17:00.000Z,5901,5901,5900.25,5900.5,67
2025-05-14T22:18:00.000Z,5900.75,5901.25,5900.75,5901,27
2025-05-14T22:19:00.000Z,5900.75,5900.75,5900,5900.5,88
2025-05-14T22:20:00.000Z,5900.5,5901.25,5900.25,5901.25,120
2025-05-14T22:21:00.000Z,5901.5,5901.5,5901.25,5901.5,46
2025-05-14T22:22:00.000Z,5901.5,5902,5901.25,5901.5,103
2025-05-14T22:23:00.000Z,5901.75,5901.75,5900.5,5901,86
2025-05-14T22:24:00.000Z,5901.25,5901.5,5900.75,5901.25,49
2025-05-14T22:25:00.000Z,5901,5901.5,5900.5,5901.5,118
2025-05-14T22:26:00.000Z,5901.5,5901.75,5901.25,5901.5,44
2025-05-14T22:27:00.000Z,5901.5,5901.75,5901.5,5901.5,33
2025-05-14T22:28:00.000Z,5901.75,5902,5901.5,5902,58
2025-05-14T22:29:00.000Z,5902,5902.75,5902,5902,131
2025-05-14T22:30:00.000Z,5902.25,5902.5,5902.25,5902.25,37
2025-05-14T22:31:00.000Z,5902,5902,5901.25,5901.25,50
2025-05-14T22:32:00.000Z,5901.25,5901.25,5900.5,5901,66
2025-05-14T22:33:00.000Z,5901,5901.5,5901,5901.5,95
2025-05-14T22:34:00.000Z,5901.25,5901.75,5901.25,5901.5,26
2025-05-14T22:35:00.000Z,5902,5902,5901.5,5901.75,55
2025-05-14T22:36:00.000Z,5901.5,5901.75,5901.5,5901.75,13
2025-05-14T22:37:00.000Z,5901.5,5901.75,5901.5,5901.75,12
2025-05-14T22:38:00.000Z,5901.5,5902,5901.5,5901.75,15
2025-05-14T22:39:00.000Z,5901.5,5901.5,5901.25,5901.5,8
2025-05-14T22:40:00.000Z,5901.5,5901.5,5901.5,5901.5,10
2025-05-14T22:41:00.000Z,5901.5,5901.5,5901,5901,55
2025-05-14T22:42:00.000Z,5901,5901.25,5900.75,5901.25,36
2025-05-14T22:43:00.000Z,5901.25,5901.25,5901,5901,33
2025-05-14T22:44:00.000Z,5900.75,5901.25,5900.75,5901,39
2025-05-14T22:45:00.000Z,5901,5901,5900.75,5900.75,26
2025-05-14T22:46:00.000Z,5900.5,5900.5,5900,5900.5,152
2025-05-14T22:47:00.000Z,5900.75,5901.75,5900.75,5901.5,62
2025-05-14T22:48:00.000Z,5901.75,5902.25,5901.75,5902,60
2025-05-14T22:49:00.000Z,5902.25,5903,5902.25,5902.5,131
2025-05-14T22:50:00.000Z,5902.5,5903,5902.25,5902.5,111
2025-05-14T22:51:00.000Z,5902.75,5903,5902.25,5902.25,160
2025-05-14T22:52:00.000Z,5902.25,5902.5,5901.75,5901.75,69
2025-05-14T22:53:00.000Z,5902,5902,5901.25,5901.25,101
2025-05-14T22:54:00.000Z,5901,5901.25,5900.5,5900.75,40
2025-05-14T22:55:00.000Z,5901,5901.25,5900.75,5900.75,42
2025-05-14T22:56:00.000Z,5901,5901.25,5900.75,5900.75,47
2025-05-14T22:57:00.000Z,5901,5901.75,5900.25,5901.75,145
2025-05-14T22:58:00.000Z,5901.5,5901.75,5901,5901.25,42
2025-05-14T22:59:00.000Z,5901.25,5901.25,5901.25,5901.25,4
2025-05-14T23:00:00.000Z,5901.25,5901.75,5901.25,5901.75,61
2025-05-14T23:01:00.000Z,5901.75,5901.75,5898,5898.25,347
2025-05-14T23:02:00.000Z,5898,5898.75,5898,5898.25,219
2025-05-14T23:03:00.000Z,5898.25,5899,5898,5898.5,189
2025-05-14T23:04:00.000Z,5898.5,5899,5897.5,5898,151
2025-05-14T23:05:00.000Z,5897.75,5898,5896.75,5897.5,224
2025-05-14T23:06:00.000Z,5897.5,5898.5,5897.5,5897.75,218
2025-05-14T23:07:00.000Z,5897.5,5898,5897,5898,197
2025-05-14T23:08:00.000Z,5897.75,5897.75,5896.75,5897.5,154
2025-05-14T23:09:00.000Z,5897.5,5898.5,5897.25,5897.75,117
2025-05-14T23:10:00.000Z,5898,5898.25,5897.5,5898,110
2025-05-14T23:11:00.000Z,5897.75,5897.75,5896.5,5897,94
2025-05-14T23:12:00.000Z,5897,5897.25,5896.5,5896.75,40
2025-05-14T23:13:00.000Z,5896.5,5897,5896.25,5896.5,77
2025-05-14T23:14:00.000Z,5896.5,5897,5895.75,5896.75,79
2025-05-14T23:15:00.000Z,5896.75,5898,5896.75,5897.75,99
2025-05-14T23:16:00.000Z,5897.75,5897.75,5897,5897,61
2025-05-14T23:17:00.000Z,5897,5897.25,5897,5897.25,29
2025-05-14T23:18:00.000Z,5897.5,5898,5897.25,5897.5,48
2025-05-14T23:19:00.000Z,5897.5,5897.5,5896.75,5896.75,59
2025-05-14T23:20:00.000Z,5897,5897,5896.75,5897,36
2025-05-14T23:21:00.000Z,5897,5897,5896.5,5896.5,74
2025-05-14T23:22:00.000Z,5896.25,5896.5,5893.5,5894,437
2025-05-14T23:23:00.000Z,5894,5894.75,5893.5,5894.25,102
2025-05-14T23:24:00.000Z,5894,5894.5,5893.75,5894.25,94
2025-05-14T23:25:00.000Z,5894.25,5895,5894,5894.75,41
2025-05-14T23:26:00.000Z,5894.5,5894.75,5894.25,5894.5,40
2025-05-14T23:27:00.000Z,5894.75,5895,5894.25,5894.75,98
2025-05-14T23:28:00.000Z,5894.75,5895.5,5894.75,5895.25,65
2025-05-14T23:29:00.000Z,5895,5895,5893.25,5894.5,293
2025-05-14T23:30:00.000Z,5894.25,5894.25,5893.5,5894,69
2025-05-14T23:31:00.000Z,5894,5894.25,5892.5,5892.75,329
2025-05-14T23:32:00.000Z,5892.5,5893.25,5892.25,5893.25,131
2025-05-14T23:33:00.000Z,5893.25,5893.25,5892.75,5892.75,73
2025-05-14T23:34:00.000Z,5893,5893.25,5892.75,5892.75,30
2025-05-14T23:35:00.000Z,5892.75,5893.5,5892.75,5893.25,61
2025-05-14T23:36:00.000Z,5893,5894,5893,5893.75,61
2025-05-14T23:37:00.000Z,5893.75,5893.75,5893.5,5893.5,31
2025-05-14T23:38:00.000Z,5893.25,5893.75,5893.25,5893.5,35
2025-05-14T23:39:00.000Z,5893.5,5893.75,5893.5,5893.75,28
2025-05-14T23:40:00.000Z,5893.75,5894.5,5893.75,5894.5,23
2025-05-14T23:41:00.000Z,5894.5,5895.5,5894.25,5894.25,202
2025-05-14T23:42:00.000Z,5894.5,5894.75,5894.5,5894.75,36
2025-05-14T23:43:00.000Z,5894.75,5894.75,5894,5894,44
2025-05-14T23:44:00.000Z,5894.25,5894.5,5893.75,5894.25,153
2025-05-14T23:45:00.000Z,5894.25,5895.25,5894.25,5894.75,71
2025-05-14T23:46:00.000Z,5894.75,5895,5894.5,5895,47
2025-05-14T23:47:00.000Z,5895,5895.75,5895,5895.5,153
2025-05-14T23:48:00.000Z,5895.25,5895.75,5894.75,5895.25,105
2025-05-14T23:49:00.000Z,5895.25,5895.75,5895,5895.75,40
2025-05-14T23:50:00.000Z,5895.75,5896.5,5894.5,5894.5,276
2025-05-14T23:51:00.000Z,5894.75,5896.5,5894.75,5896.25,212
2025-05-14T23:52:00.000Z,5896,5897.25,5896,5897,119
2025-05-14T23:53:00.000Z,5896.75,5897.5,5896.75,5897.25,80
2025-05-14T23:54:00.000Z,5897.25,5897.25,5896.75,5897,83
2025-05-14T23:55:00.000Z,5897,5897,5895.75,5896,126
2025-05-14T23:56:00.000Z,5895.75,5896.25,5895.5,5896.25,82
2025-05-14T23:57:00.000Z,5896,5896,5895.5,5895.75,63
2025-05-14T23:58:00.000Z,5896,5896.5,5895,5895.75,330
2025-05-14T23:59:00.000Z,5895.75,5896.75,5895.75,5896.75,63
2025-05-15T00:00:00.000Z,5896.5,5897.5,5895.5,5897.5,227
2025-05-15T00:01:00.000Z,5897.25,5898.25,5897.25,5898,150
2025-05-15T00:02:00.000Z,5898,5899,5898,5898.75,209
2025-05-15T00:03:00.000Z,5898.75,5899,5898.5,5899,70
2025-05-15T00:04:00.000Z,5899,5899,5897.75,5898,124
2025-05-15T00:05:00.000Z,5898.25,5899.25,5898.25,5898.75,112
2025-05-15T00:06:00.000Z,5898.75,5898.75,5898.5,5898.75,36
2025-05-15T00:07:00.000Z,5898.75,5899,5898.25,5898.25,60
2025-05-15T00:08:00.000Z,5898.5,5898.75,5898.5,5898.75,39
2025-05-15T00:09:00.000Z,5898.75,5899.25,5898.5,5899.25,59
2025-05-15T00:10:00.000Z,5899.25,5899.75,5898.75,5899.25,111
2025-05-15T00:11:00.000Z,5899,5899,5898.5,5898.75,67
2025-05-15T00:12:00.000Z,5898.75,5899.25,5898.5,5899,53
2025-05-15T00:13:00.000Z,5899,5899,5897.75,5898,115
2025-05-15T00:14:00.000Z,5898,5898.5,5898,5898.25,46
2025-05-15T00:15:00.000Z,5898.25,5898.75,5898,5898.5,84
2025-05-15T00:16:00.000Z,5898.75,5899,5898.5,5899,58
2025-05-15T00:17:00.000Z,5899,5899,5897.75,5898,101
2025-05-15T00:18:00.000Z,5898,5898.75,5898,5898.5,37
2025-05-15T00:19:00.000Z,5898.25,5898.75,5898.25,5898.75,38
2025-05-15T00:20:00.000Z,5898.75,5899,5898.5,5899,35
2025-05-15T00:21:00.000Z,5899,5899,5898.5,5898.75,81
2025-05-15T00:22:00.000Z,5898.75,5899,5898.25,5898.75,119
2025-05-15T00:23:00.000Z,5899,5899,5898.75,5899,45
2025-05-15T00:24:00.000Z,5899.25,5899.25,5898.75,5899,51
2025-05-15T00:25:00.000Z,5899,5899.25,5896.5,5896.5,243
2025-05-15T00:26:00.000Z,5896.75,5897.25,5896.25,5896.75,69
2025-05-15T00:27:00.000Z,5896.75,5898.25,5896.75,5898.25,62
2025-05-15T00:28:00.000Z,5898.5,5898.75,5898,5898,80
2025-05-15T00:29:00.000Z,5898,5898.75,5898,5898.75,51
2025-05-15T00:30:00.000Z,5898.5,5898.75,5898,5898.5,62
2025-05-15T00:31:00.000Z,5898.5,5899.75,5898.5,5899.75,101
2025-05-15T00:32:00.000Z,5899.75,5899.75,5899.25,5899.5,98
2025-05-15T00:33:00.000Z,5899.25,5899.75,5899.25,5899.75,46
2025-05-15T00:34:00.000Z,5899.75,5899.75,5899.25,5899.75,59
2025-05-15T00:35:00.000Z,5899.75,5899.75,5899.25,5899.25,39
2025-05-15T00:36:00.000Z,5899.25,5899.75,5898.75,5899.5,92
2025-05-15T00:37:00.000Z,5899.75,5899.75,5899.5,5899.5,21
2025-05-15T00:38:00.000Z,5899.5,5900.75,5899.5,5900.5,166
2025-05-15T00:39:00.000Z,5900.25,5900.25,5899.5,5899.75,49
2025-05-15T00:40:00.000Z,5899.75,5900,5899.5,5899.5,58
2025-05-15T00:41:00.000Z,5899.5,5900.25,5899.25,5900,63
2025-05-15T00:42:00.000Z,5900.25,5900.5,5900,5900.5,73
2025-05-15T00:43:00.000Z,5900.75,5901.75,5900.75,5901.75,217
2025-05-15T00:44:00.000Z,5901.75,5901.75,5901.25,5901.75,122
2025-05-15T00:45:00.000Z,5901.5,5901.75,5900.5,5900.5,115
2025-05-15T00:46:00.000Z,5900.75,5900.75,5899.75,5899.75,82
2025-05-15T00:47:00.000Z,5899.5,5900,5899.25,5899.75,95
2025-05-15T00:48:00.000Z,5899.75,5900,5898.75,5900,99
2025-05-15T00:49:00.000Z,5899.75,5900,5899.5,5899.75,56
2025-05-15T00:50:00.000Z,5899.5,5900,5899.5,5900,27
2025-05-15T00:51:00.000Z,5900,5900,5898.75,5899.25,80
2025-05-15T00:52:00.000Z,5899.25,5899.75,5899.25,5899.5,45
2025-05-15T00:53:00.000Z,5899.5,5900,5899.5,5899.75,73
2025-05-15T00:54:00.000Z,5899.75,5899.75,5899.25,5899.25,48
2025-05-15T00:55:00.000Z,5899.25,5899.25,5898.5,5899,50
2025-05-15T00:56:00.000Z,5899,5899,5898.75,5899,40
2025-05-15T00:57:00.000Z,5899,5899.25,5898.75,5899.25,109
2025-05-15T00:58:00.000Z,5899.5,5899.75,5899,5899.25,94
2025-05-15T00:59:00.000Z,5899.5,5899.75,5899.25,5899.5,62
2025-05-15T01:00:00.000Z,5899.5,5900.75,5899,5900.25,163
2025-05-15T01:01:00.000Z,5900.25,5902.25,5900.25,5901.75,169
2025-05-15T01:02:00.000Z,5901.75,5902.25,5900.75,5901.25,257
2025-05-15T01:03:00.000Z,5901.5,5902,5901.25,5902,51
2025-05-15T01:04:00.000Z,5902,5902.25,5901.5,5901.75,83
2025-05-15T01:05:00.000Z,5901.75,5902,5901,5901,81
2025-05-15T01:06:00.000Z,5901.25,5901.5,5900.5,5900.5,68
2025-05-15T01:07:00.000Z,5900.5,5901.25,5899.75,5901,107
2025-05-15T01:08:00.000Z,5901,5901,5900.5,5900.5,56
2025-05-15T01:09:00.000Z,5900.25,5900.5,5900,5900.5,41
2025-05-15T01:10:00.000Z,5900.5,5901,5900.5,5900.5,94
2025-05-15T01:11:00.000Z,5900.25,5900.5,5900.25,5900.25,72
2025-05-15T01:12:00.000Z,5900.5,5900.75,5900.5,5900.75,33
2025-05-15T01:13:00.000Z,5900.75,5900.75,5900.25,5900.75,49
2025-05-15T01:14:00.000Z,5900.75,5900.75,5900.25,5900.25,37
2025-05-15T01:15:00.000Z,5900.25,5900.5,5900.25,5900.25,48
2025-05-15T01:16:00.000Z,5900,5900.25,5899.5,5900,126
2025-05-15T01:17:00.000Z,5899.75,5900.25,5899.75,5900,71
2025-05-15T01:18:00.000Z,5900,5900,5899.75,5900,22
2025-05-15T01:19:00.000Z,5899.75,5899.75,5899.25,5899.25,92
2025-05-15T01:20:00.000Z,5899.5,5899.5,5898.5,5898.75,118
2025-05-15T01:21:00.000Z,5899,5899.25,5898,5898.75,134
2025-05-15T01:22:00.000Z,5898.25,5898.5,5897.25,5897.75,57
2025-05-15T01:23:00.000Z,5897.5,5897.75,5897.5,5897.5,46
2025-05-15T01:24:00.000Z,5897.75,5897.75,5897.25,5897.25,39
2025-05-15T01:25:00.000Z,5897.25,5898,5897,5897.75,84
2025-05-15T01:26:00.000Z,5897.75,5897.75,5897,5897.25,47
2025-05-15T01:27:00.000Z,5897.25,5897.25,5896.75,5897.25,94
2025-05-15T01:28:00.000Z,5897,5897.5,5897,5897.25,92
2025-05-15T01:29:00.000Z,5897.25,5897.5,5897,5897,41
2025-05-15T01:30:00.000Z,5897.25,5897.75,5896.5,5897.25,235
2025-05-15T01:31:00.000Z,5897.25,5897.5,5897,5897.5,65
2025-05-15T01:32:00.000Z,5897.5,5898.25,5897.25,5898,87
2025-05-15T01:33:00.000Z,5898.25,5898.25,5897.5,5897.5,81
2025-05-15T01:34:00.000Z,5897.5,5897.75,5897.25,5897.75,65
2025-05-15T01:35:00.000Z,5897.5,5897.75,5897,5897.5,79
2025-05-15T01:36:00.000Z,5897.25,5897.25,5896.75,5897.25,55
2025-05-15T01:37:00.000Z,5897.25,5897.25,5896.25,5896.5,115
2025-05-15T01:38:00.000Z,5896.25,5897,5896.25,5897,136
2025-05-15T01:39:00.000Z,5896.75,5897,5896.75,5897,23
2025-05-15T01:40:00.000Z,5897,5897.5,5897,5897.25,58
2025-05-15T01:41:00.000Z,5897.25,5897.5,5897,5897.5,35
2025-05-15T01:42:00.000Z,5897.5,5897.75,5897.25,5897.75,39
2025-05-15T01:43:00.000Z,5898,5898,5897.5,5897.5,63
2025-05-15T01:44:00.000Z,5897.75,5897.75,5897.5,5897.75,20
2025-05-15T01:45:00.000Z,5897.5,5897.5,5897,5897,110
2025-05-15T01:46:00.000Z,5897.25,5897.75,5895.5,5897.5,381
2025-05-15T01:47:00.000Z,5897.5,5898,5897.25,5897.5,109
2025-05-15T01:48:00.000Z,5897.75,5898.25,5897,5897.25,173
2025-05-15T01:49:00.000Z,5897.5,5897.5,5897,5897.25,48
2025-05-15T01:50:00.000Z,5897.5,5897.75,5897.5,5897.5,43
2025-05-15T01:51:00.000Z,5897.75,5898.5,5897.5,5897.5,127
2025-05-15T01:52:00.000Z,5897.5,5897.5,5897.25,5897.5,13
2025-05-15T01:53:00.000Z,5897.25,5897.25,5896.75,5897,54
2025-05-15T01:54:00.000Z,5897,5897,5895.5,5896,213
2025-05-15T01:55:00.000Z,5896.25,5896.75,5896,5896.75,101
2025-05-15T01:56:00.000Z,5896.75,5897.25,5896.5,5897.25,58
2025-05-15T01:57:00.000Z,5897,5897.5,5897,5897.25,41
2025-05-15T01:58:00.000Z,5897,5897,5896.75,5897,18
2025-05-15T01:59:00.000Z,5896.75,5897.25,5896.75,5897.25,46
2025-05-15T02:00:00.000Z,5897.25,5897.25,5896.75,5897,40
2025-05-15T02:01:00.000Z,5897,5897,5896.5,5896.75,48
2025-05-15T02:02:00.000Z,5896.75,5897,5896.75,5896.75,9
2025-05-15T02:03:00.000Z,5896.75,5897,5896.75,5897,33
2025-05-15T02:04:00.000Z,5897,5897,5896.75,5896.75,15
2025-05-15T02:05:00.000Z,5896.5,5896.75,5895.5,5895.75,141
2025-05-15T02:06:00.000Z,5895.75,5896.75,5895.25,5896.75,108
2025-05-15T02:07:00.000Z,5896.75,5897.25,5896.75,5896.75,53
2025-05-15T02:08:00.000Z,5896.75,5897.5,5896.75,5897,62
2025-05-15T02:09:00.000Z,5897,5897.25,5897,5897,29
2025-05-15T02:10:00.000Z,5897.25,5897.25,5897,5897.25,24
2025-05-15T02:11:00.000Z,5897.25,5897.25,5896.5,5897,165
2025-05-15T02:12:00.000Z,5896.75,5896.75,5895.75,5895.75,54
2025-05-15T02:13:00.000Z,5895.75,5896.25,5895.5,5896.25,59
2025-05-15T02:14:00.000Z,5896,5896,5895.75,5895.75,48
2025-05-15T02:15:00.000Z,5895.75,5895.75,5894.5,5894.75,493
2025-05-15T02:16:00.000Z,5895,5895.25,5895,5895,20
2025-05-15T02:17:00.000Z,5895,5895.25,5894.5,5894.75,89
2025-05-15T02:18:00.000Z,5894.75,5895.75,5894.75,5895.75,61
2025-05-15T02:19:00.000Z,5895.5,5896,5895.5,5896,39
2025-05-15T02:20:00.000Z,5896.25,5896.25,5895.75,5896,37
2025-05-15T02:21:00.000Z,5896,5896.25,5895.75,5896,16
2025-05-15T02:22:00.000Z,5896,5896.25,5896,5896,49
2025-05-15T02:23:00.000Z,5896,5896,5895.75,5895.75,13
2025-05-15T02:24:00.000Z,5895.75,5896,5895.75,5896,6
2025-05-15T02:25:00.000Z,5895.75,5896,5895,5895.25,57
2025-05-15T02:26:00.000Z,5895.25,5895.5,5895,5895,50
2025-05-15T02:27:00.000Z,5895.25,5895.5,5894.75,5895.5,65
2025-05-15T02:28:00.000Z,5895.25,5895.75,5895.25,5895.5,64
2025-05-15T02:29:00.000Z,5895.5,5895.5,5895,5895.5,27
2025-05-15T02:30:00.000Z,5895.5,5895.75,5895.25,5895.75,45
2025-05-15T02:31:00.000Z,5895.75,5896.25,5895.75,5896,53
2025-05-15T02:32:00.000Z,5896.25,5897.25,5896.25,5897,74
2025-05-15T02:33:00.000Z,5897,5897,5896.75,5897,44
2025-05-15T02:34:00.000Z,5897,5897.5,5897,5897.25,41
2025-05-15T02:35:00.000Z,5897.25,5898.25,5897.25,5898,144
2025-05-15T02:36:00.000Z,5898.25,5899.5,5898,5899.5,133
2025-05-15T02:37:00.000Z,5899.5,5900.25,5899.5,5900.25,123
2025-05-15T02:38:00.000Z,5900.25,5900.75,5899,5899.75,321
2025-05-15T02:39:00.000Z,5899.75,5902,5899.75,5901.5,271
2025-05-15T02:40:00.000Z,5901.75,5902.5,5901.5,5902.25,146
2025-05-15T02:41:00.000Z,5902.5,5902.5,5902,5902.25,84
2025-05-15T02:42:00.000Z,5902.5,5903,5902.25,5902.75,105
2025-05-15T02:43:00.000Z,5902.75,5903,5902.5,5903,143
2025-05-15T02:44:00.000Z,5902.75,5903,5902.25,5902.75,52
2025-05-15T02:45:00.000Z,5902.75,5902.75,5902.5,5902.75,27
2025-05-15T02:46:00.000Z,5902.75,5902.75,5902.25,5902.75,48
2025-05-15T02:47:00.000Z,5902.75,5903,5902.5,5903,69
2025-05-15T02:48:00.000Z,5902.75,5903,5902.5,5903,171
2025-05-15T02:49:00.000Z,5902.75,5903,5902.5,5903,80
2025-05-15T02:50:00.000Z,5903,5903,5902.25,5902.25,60
2025-05-15T02:51:00.000Z,5902.5,5902.5,5902.25,5902.25,51
2025-05-15T02:52:00.000Z,5902.25,5902.5,5901.75,5902.5,115
2025-05-15T02:53:00.000Z,5902.5,5902.5,5902,5902,63
2025-05-15T02:54:00.000Z,5902.25,5902.25,5900.75,5901,134
2025-05-15T02:55:00.000Z,5900.75,5901.25,5900.25,5900.75,156
2025-05-15T02:56:00.000Z,5900.5,5901.5,5900.5,5901.5,83
2025-05-15T02:57:00.000Z,5901.5,5901.5,5900.75,5901.25,90
2025-05-15T02:58:00.000Z,5901.25,5901.5,5901,5901.25,33
2025-05-15T02:59:00.000Z,5901.25,5901.75,5901.25,5901.5,25
2025-05-15T03:00:00.000Z,5901.5,5901.75,5901.25,5901.25,77
2025-05-15T03:01:00.000Z,5901.25,5901.5,5901,5901.5,45
2025-05-15T03:02:00.000Z,5901.75,5902,5901.75,5901.75,30
2025-05-15T03:03:00.000Z,5901.75,5901.75,5901.5,5901.5,22
2025-05-15T03:04:00.000Z,5901.5,5901.5,5901.25,5901.5,36
2025-05-15T03:05:00.000Z,5901.5,5901.75,5901.5,5901.75,21
2025-05-15T03:06:00.000Z,5901.75,5901.75,5901.75,5901.75,20
2025-05-15T03:07:00.000Z,5902,5902,5901.5,5901.5,39
2025-05-15T03:08:00.000Z,5901.25,5901.5,5900.25,5900.25,154
2025-05-15T03:09:00.000Z,5900.25,5900.75,5899.75,5900.75,122
2025-05-15T03:10:00.000Z,5900.75,5900.75,5900,5900,24
2025-05-15T03:11:00.000Z,5900,5900,5899,5899,101
2025-05-15T03:12:00.000Z,5899,5899.75,5898.25,5899.75,119
2025-05-15T03:13:00.000Z,5899.75,5900.25,5899.5,5900,76
2025-05-15T03:14:00.000Z,5900.25,5900.5,5899.75,5900,54
2025-05-15T03:15:00.000Z,5900.25,5900.5,5900.25,5900.5,36
2025-05-15T03:16:00.000Z,5900.5,5900.75,5900.5,5900.5,14
2025-05-15T03:17:00.000Z,5900.75,5901,5900.75,5901,26
2025-05-15T03:18:00.000Z,5900.75,5901,5900.75,5900.75,22
2025-05-15T03:19:00.000Z,5900.5,5900.75,5900.5,5900.75,23
2025-05-15T03:20:00.000Z,5900.75,5900.75,5900.5,5900.75,53
2025-05-15T03:21:00.000Z,5900.75,5901,5900.75,5901,27
2025-05-15T03:22:00.000Z,5901,5901.25,5901,5901.25,28
2025-05-15T03:23:00.000Z,5901.25,5901.25,5901,5901,24
2025-05-15T03:24:00.000Z,5901,5901,5901,5901,2
2025-05-15T03:25:00.000Z,5901.25,5901.25,5901.25,5901.25,25
2025-05-15T03:26:00.000Z,5901.5,5901.75,5900.75,5901,25
2025-05-15T03:27:00.000Z,5901.25,5901.5,5900.75,5900.75,31
2025-05-15T03:28:00.000Z,5900.75,5900.75,5900,5900,28
2025-05-15T03:29:00.000Z,5900.25,5900.25,5899.5,5899.5,43
2025-05-15T03:30:00.000Z,5899.5,5899.75,5898.75,5899,70
2025-05-15T03:31:00.000Z,5899,5899.5,5898.75,5899.25,84
2025-05-15T03:32:00.000Z,5899,5899.25,5897.5,5897.5,158
2025-05-15T03:33:00.000Z,5897.5,5897.5,5896.75,5897.5,141
2025-05-15T03:34:00.000Z,5897.75,5898.25,5897.5,5898,52
2025-05-15T03:35:00.000Z,5897.75,5898,5897.75,5897.75,21
2025-05-15T03:36:00.000Z,5897.5,5898,5897.5,5897.5,69
2025-05-15T03:37:00.000Z,5897.5,5898,5897.5,5898,27
2025-05-15T03:38:00.000Z,5898,5898.25,5897.75,5897.75,59
2025-05-15T03:39:00.000Z,5898,5898.25,5897,5897.75,109
2025-05-15T03:40:00.000Z,5898,5898.75,5897.75,5898,77
2025-05-15T03:41:00.000Z,5897.75,5897.75,5897,5897.25,67
2025-05-15T03:42:00.000Z,5897.5,5897.75,5897.25,5897.75,41
2025-05-15T03:43:00.000Z,5897.75,5898.25,5897.75,5898,42
2025-05-15T03:44:00.000Z,5898,5898.5,5898,5898.25,29
2025-05-15T03:45:00.000Z,5898,5898.25,5898,5898,17
2025-05-15T03:46:00.000Z,5897.75,5898.5,5897.75,5898.5,30
2025-05-15T03:47:00.000Z,5898.5,5898.5,5898.25,5898.5,26
2025-05-15T03:48:00.000Z,5898.75,5898.75,5898.25,5898.5,32
2025-05-15T03:49:00.000Z,5898.5,5898.5,5898.25,5898.5,17
2025-05-15T03:50:00.000Z,5898.75,5899,5898.5,5898.75,45
2025-05-15T03:51:00.000Z,5898.75,5899,5898.75,5899,26
2025-05-15T03:52:00.000Z,5899,5899.5,5898.75,5899,86
2025-05-15T03:53:00.000Z,5899,5899.5,5899,5899.25,30
2025-05-15T03:54:00.000Z,5899.5,5899.5,5899,5899.25,24
2025-05-15T03:55:00.000Z,5899.25,5899.25,5898.75,5899,21
2025-05-15T03:56:00.000Z,5898.75,5898.75,5898.5,5898.75,53
2025-05-15T03:57:00.000Z,5898.75,5898.75,5898.25,5898.25,28
2025-05-15T03:58:00.000Z,5898.25,5898.25,5898,5898,14
2025-05-15T03:59:00.000Z,5898,5898,5897.75,5898,68
2025-05-15T04:00:00.000Z,5898,5898.25,5897.5,5897.5,52
2025-05-15T04:01:00.000Z,5897.75,5898.25,5897.75,5898,30
2025-05-15T04:02:00.000Z,5897.75,5898.25,5897.75,5898,23
2025-05-15T04:03:00.000Z,5898.25,5899,5898,5898.75,82
2025-05-15T04:04:00.000Z,5898.5,5898.5,5898.25,5898.25,27
2025-05-15T04:05:00.000Z,5898,5898,5897.5,5897.75,32
2025-05-15T04:06:00.000Z,5898,5898.25,5898,5898.25,28
2025-05-15T04:07:00.000Z,5898.25,5898.5,5898.25,5898.5,42
2025-05-15T04:08:00.000Z,5898.25,5898.5,5898.25,5898.25,19
2025-05-15T04:09:00.000Z,5898.5,5899,5898.5,5899,35
2025-05-15T04:10:00.000Z,5898.75,5899,5898.5,5898.5,19
2025-05-15T04:11:00.000Z,5898.25,5898.5,5898.25,5898.25,8
2025-05-15T04:12:00.000Z,5898.25,5898.25,5897.75,5897.75,43
2025-05-15T04:13:00.000Z,5898,5898,5897.75,5897.75,27
2025-05-15T04:14:00.000Z,5897.75,5897.75,5897.75,5897.75,14
2025-05-15T04:15:00.000Z,5897.75,5898,5897.5,5898,21
2025-05-15T04:16:00.000Z,5897.75,5897.75,5897.75,5897.75,15
2025-05-15T04:17:00.000Z,5897.75,5898,5897.5,5897.75,10
2025-05-15T04:18:00.000Z,5898,5898.25,5898,5898,22
2025-05-15T04:19:00.000Z,5898.25,5898.5,5898,5898,43
2025-05-15T04:20:00.000Z,5898,5898.25,5898,5898.25,13
2025-05-15T04:21:00.000Z,5898.25,5898.5,5898.25,5898.5,21
2025-05-15T04:22:00.000Z,5898.5,5898.5,5898.25,5898.25,28
2025-05-15T04:23:00.000Z,5898.25,5898.5,5898,5898.5,26
2025-05-15T04:24:00.000Z,5898.25,5898.5,5898,5898,38
2025-05-15T04:25:00.000Z,5897.75,5898,5897.75,5898,15
2025-05-15T04:26:00.000Z,5898.25,5898.25,5898,5898,14
2025-05-15T04:27:00.000Z,5898.25,5898.5,5898.25,5898.5,34
2025-05-15T04:28:00.000Z,5898.75,5899,5898.5,5898.75,18
2025-05-15T04:29:00.000Z,5898.75,5899,5898.75,5898.75,9
2025-05-15T04:30:00.000Z,5899,5899,5899,5899,22
2025-05-15T04:31:00.000Z,5898.75,5898.75,5898.5,5898.5,27
2025-05-15T04:32:00.000Z,5898.5,5898.5,5898.25,5898.5,15
2025-05-15T04:33:00.000Z,5898.75,5898.75,5898.5,5898.5,22
2025-05-15T04:34:00.000Z,5898.5,5898.75,5898.5,5898.5,27
2025-05-15T04:35:00.000Z,5898.5,5898.75,5898.5,5898.75,19
2025-05-15T04:36:00.000Z,5898.75,5898.75,5898.75,5898.75,3
2025-05-15T04:37:00.000Z,5898.5,5898.5,5897.25,5897.25,62
2025-05-15T04:38:00.000Z,5897.25,5897.25,5896.5,5897,70
2025-05-15T04:39:00.000Z,5897,5897,5896.25,5896.5,49
2025-05-15T04:40:00.000Z,5896.5,5897,5896.25,5896.75,76
2025-05-15T04:41:00.000Z,5897,5897.25,5896.75,5897,81
2025-05-15T04:42:00.000Z,5896.75,5897,5896.75,5897,28
2025-05-15T04:43:00.000Z,5897.25,5897.25,5897,5897,26
2025-05-15T04:44:00.000Z,5897.25,5897.5,5897,5897.25,19
2025-05-15T04:45:00.000Z,5897.25,5897.25,5897,5897.25,21
2025-05-15T04:46:00.000Z,5897.25,5897.25,5896.75,5896.75,14
2025-05-15T04:47:00.000Z,5896.75,5897,5896.5,5896.75,17
2025-05-15T04:48:00.000Z,5896.75,5897.5,5896.25,5897.5,79
2025-05-15T04:49:00.000Z,5897.25,5898,5897,5897,73
2025-05-15T04:50:00.000Z,5897.25,5897.25,5897,5897.25,21
2025-05-15T04:51:00.000Z,5897,5897.5,5897,5897.5,36
2025-05-15T04:52:00.000Z,5897.75,5898.5,5897.75,5898.5,39
2025-05-15T04:53:00.000Z,5898.25,5898.75,5898.25,5898.5,69
2025-05-15T04:54:00.000Z,5898.5,5898.75,5898.5,5898.75,7
2025-05-15T04:55:00.000Z,5898.75,5898.75,5898.5,5898.5,8
2025-05-15T04:56:00.000Z,5898.5,5898.75,5898.5,5898.5,30
2025-05-15T04:57:00.000Z,5898.5,5898.5,5897.5,5898.25,84
2025-05-15T04:58:00.000Z,5898.25,5898.25,5897.25,5898,89
2025-05-15T04:59:00.000Z,5898.25,5899,5898.25,5898.5,54
2025-05-15T05:00:00.000Z,5898.5,5899,5898.25,5898.25,106
2025-05-15T05:01:00.000Z,5898.25,5898.5,5898,5898,29
2025-05-15T05:02:00.000Z,5898,5898.75,5898,5898.5,91
2025-05-15T05:03:00.000Z,5898.5,5899,5898.25,5899,25
2025-05-15T05:04:00.000Z,5898.75,5899,5898.25,5898.25,35
2025-05-15T05:05:00.000Z,5898.5,5898.75,5898,5898.75,39
2025-05-15T05:06:00.000Z,5898.5,5898.75,5898.25,5898.25,38
2025-05-15T05:07:00.000Z,5898,5898,5896.75,5897.5,91
2025-05-15T05:08:00.000Z,5897.5,5897.5,5896,5896.25,62
2025-05-15T05:09:00.000Z,5896.5,5896.5,5896,5896,57
2025-05-15T05:10:00.000Z,5896.25,5896.5,5895.5,5896,59
2025-05-15T05:11:00.000Z,5896,5896,5895.25,5895.75,72
2025-05-15T05:12:00.000Z,5895.75,5895.75,5895.5,5895.5,20
2025-05-15T05:13:00.000Z,5895.5,5896,5895.25,5896,71
2025-05-15T05:14:00.000Z,5896,5896.25,5895.25,5895.5,66
2025-05-15T05:15:00.000Z,5895.5,5896,5895,5895,99
2025-05-15T05:16:00.000Z,5895,5895.5,5894.25,5895.25,170
2025-05-15T05:17:00.000Z,5895.25,5896.25,5895,5896,162
2025-05-15T05:18:00.000Z,5895.75,5896,5895.25,5895.75,68
2025-05-15T05:19:00.000Z,5896,5896.25,5896,5896,55
2025-05-15T05:20:00.000Z,5896,5896.25,5895.75,5896.25,98
2025-05-15T05:21:00.000Z,5896.5,5897,5896.25,5896.25,77
2025-05-15T05:22:00.000Z,5896,5896,5894.5,5894.5,128
2025-05-15T05:23:00.000Z,5894.25,5894.25,5893,5893.25,245
2025-05-15T05:24:00.000Z,5893,5893.25,5892.5,5893.25,189
2025-05-15T05:25:00.000Z,5893.25,5893.25,5892.5,5893.25,72
2025-05-15T05:26:00.000Z,5893.25,5893.25,5892,5892.25,157
2025-05-15T05:27:00.000Z,5892.25,5892.5,5891,5891.5,250
2025-05-15T05:28:00.000Z,5891.5,5892.25,5891.5,5892,65
2025-05-15T05:29:00.000Z,5892,5892.5,5891.25,5891.75,78
2025-05-15T05:30:00.000Z,5891.5,5891.75,5891,5891.5,109
2025-05-15T05:31:00.000Z,5891.75,5891.75,5891,5891.25,111
2025-05-15T05:32:00.000Z,5891.5,5893,5891.5,5892.25,116
2025-05-15T05:33:00.000Z,5892.5,5893,5892,5892.25,73
2025-05-15T05:34:00.000Z,5892.25,5892.25,5889.25,5889.5,233
2025-05-15T05:35:00.000Z,5889.5,5890.5,5887.75,5890.5,685
2025-05-15T05:36:00.000Z,5890.5,5890.5,5889.75,5890.25,70
2025-05-15T05:37:00.000Z,5890.25,5891,5890.25,5891,156
2025-05-15T05:38:00.000Z,5890.75,5890.75,5887.5,5887.5,192
2025-05-15T05:39:00.000Z,5887.5,5888.75,5886.75,5888.5,161
2025-05-15T05:40:00.000Z,5888.5,5888.75,5888,5888,64
2025-05-15T05:41:00.000Z,5888.25,5888.5,5888,5888.5,98
2025-05-15T05:42:00.000Z,5888.5,5888.75,5886.75,5888,237
2025-05-15T05:43:00.000Z,5888,5888.25,5887.75,5887.75,71
2025-05-15T05:44:00.000Z,5888,5888.5,5887.5,5887.75,97
2025-05-15T05:45:00.000Z,5887.75,5889,5887.5,5888.25,95
2025-05-15T05:46:00.000Z,5888,5888.25,5888,5888,48
2025-05-15T05:47:00.000Z,5887.75,5888,5886.5,5887,208
2025-05-15T05:48:00.000Z,5886.75,5887,5886.25,5886.5,109
2025-05-15T05:49:00.000Z,5886.5,5886.75,5886,5886.75,84
2025-05-15T05:50:00.000Z,5886.75,5887.75,5886.5,5886.75,101
2025-05-15T05:51:00.000Z,5886.75,5886.75,5886,5886,63
2025-05-15T05:52:00.000Z,5885.75,5886,5885.25,5885.5,91
2025-05-15T05:53:00.000Z,5885.5,5885.75,5885.25,5885.75,54
2025-05-15T05:54:00.000Z,5885.75,5886,5885.5,5885.75,61
2025-05-15T05:55:00.000Z,5886,5887.25,5886,5887,134
2025-05-15T05:56:00.000Z,5887.25,5887.75,5887.25,5887.25,77
2025-05-15T05:57:00.000Z,5887,5887.5,5886.5,5886.75,67
2025-05-15T05:58:00.000Z,5886.75,5887.75,5886.25,5887.75,70
2025-05-15T05:59:00.000Z,5888,5888.75,5888,5888.5,101
2025-05-15T06:00:00.000Z,5888.5,5889,5887.5,5887.5,168
2025-05-15T06:01:00.000Z,5887.5,5889.25,5887,5888.75,193
2025-05-15T06:02:00.000Z,5888.5,5888.75,5888,5888.25,55
2025-05-15T06:03:00.000Z,5888,5889,5887.75,5888.75,145
2025-05-15T06:04:00.000Z,5889,5889.5,5888.75,5889.25,134
2025-05-15T06:05:00.000Z,5889.25,5890,5889,5889.5,111
2025-05-15T06:06:00.000Z,5889.5,5890.5,5889.5,5890.25,76
2025-05-15T06:07:00.000Z,5890,5890,5889.25,5890,74
2025-05-15T06:08:00.000Z,5889.75,5890.25,5889.5,5889.75,62
2025-05-15T06:09:00.000Z,5889.75,5890,5889.25,5889.5,108
2025-05-15T06:10:00.000Z,5889.5,5890.5,5889.25,5890.5,127
2025-05-15T06:11:00.000Z,5890.5,5891.5,5890.25,5890.75,151
2025-05-15T06:12:00.000Z,5891,5891.5,5890.5,5891.5,54
2025-05-15T06:13:00.000Z,5891.5,5892.5,5891.5,5892.25,111
2025-05-15T06:14:00.000Z,5892.25,5892.75,5892.25,5892.5,73
2025-05-15T06:15:00.000Z,5892.75,5893,5892.5,5892.5,95
2025-05-15T06:16:00.000Z,5892.25,5892.5,5892,5892,85
2025-05-15T06:17:00.000Z,5892,5892.25,5891.25,5892,193
2025-05-15T06:18:00.000Z,5891.75,5892.25,5891.75,5892,86
2025-05-15T06:19:00.000Z,5892.25,5892.5,5892,5892.25,40
2025-05-15T06:20:00.000Z,5892.25,5893,5892.25,5892.75,82
2025-05-15T06:21:00.000Z,5892.75,5893.25,5892.5,5893,59
2025-05-15T06:22:00.000Z,5893,5894,5892.5,5892.75,298
2025-05-15T06:23:00.000Z,5892.5,5892.75,5892,5892.25,131
2025-05-15T06:24:00.000Z,5892.25,5893.25,5892.25,5893,160
2025-05-15T06:25:00.000Z,5893.25,5894.25,5893,5894.25,86
2025-05-15T06:26:00.000Z,5894,5894.5,5893.75,5894.5,88
2025-05-15T06:27:00.000Z,5894.5,5895,5894.5,5895,141
2025-05-15T06:28:00.000Z,5894.75,5896.5,5894.75,5896,283
2025-05-15T06:29:00.000Z,5895.75,5895.75,5894.5,5895.25,152
2025-05-15T06:30:00.000Z,5895.5,5896.25,5894.75,5895.25,413
2025-05-15T06:31:00.000Z,5895.5,5895.5,5894.5,5895.25,168
2025-05-15T06:32:00.000Z,5895.25,5896.5,5894.5,5894.75,303
2025-05-15T06:33:00.000Z,5894.75,5895.75,5894.5,5895.25,98
2025-05-15T06:34:00.000Z,5895.25,5895.25,5894.5,5894.5,64
2025-05-15T06:35:00.000Z,5894.5,5894.5,5893.75,5894,156
2025-05-15T06:36:00.000Z,5894.25,5894.25,5893.75,5893.75,47
2025-05-15T06:37:00.000Z,5893.5,5894.5,5893,5894.25,99
2025-05-15T06:38:00.000Z,5894.25,5894.75,5894.25,5894.25,47
2025-05-15T06:39:00.000Z,5894.25,5894.25,5893.5,5893.5,38
2025-05-15T06:40:00.000Z,5893.5,5893.5,5892.25,5893,165
2025-05-15T06:41:00.000Z,5892.75,5892.75,5891.25,5891.25,122
2025-05-15T06:42:00.000Z,5891.25,5891.75,5891,5891.75,71
2025-05-15T06:43:00.000Z,5891.75,5892,5891.5,5891.75,60
2025-05-15T06:44:00.000Z,5891.75,5892.5,5891.5,5892.5,131
2025-05-15T06:45:00.000Z,5892.25,5892.75,5892.25,5892.5,64
2025-05-15T06:46:00.000Z,5892.5,5893.75,5892.25,5893.75,100
2025-05-15T06:47:00.000Z,5893.75,5894.25,5893.25,5893.25,166
2025-05-15T06:48:00.000Z,5893,5893,5892.75,5892.75,33
2025-05-15T06:49:00.000Z,5892.75,5892.75,5892.25,5892.25,42
2025-05-15T06:50:00.000Z,5892,5892.25,5892,5892.25,31
2025-05-15T06:51:00.000Z,5892,5892.75,5891.5,5892,122
2025-05-15T06:52:00.000Z,5892,5892.25,5890.5,5891.25,84
2025-05-15T06:53:00.000Z,5891,5891.5,5890.5,5890.75,56
2025-05-15T06:54:00.000Z,5890.5,5891.5,5890.5,5891.25,45
2025-05-15T06:55:00.000Z,5891.5,5891.75,5890.75,5891,204
2025-05-15T06:56:00.000Z,5890.75,5891,5889.75,5890.75,78
2025-05-15T06:57:00.000Z,5890.5,5891.75,5890.5,5891.5,96
2025-05-15T06:58:00.000Z,5891.5,5892.75,5891.5,5892.25,128
2025-05-15T06:59:00.000Z,5892,5892.75,5891,5891.5,192
2025-05-15T07:00:00.000Z,5891.25,5892.25,5890.75,5891.5,652
2025-05-15T07:01:00.000Z,5891.75,5893.5,5890.5,5891,428
2025-05-15T07:02:00.000Z,5891.25,5892,5890,5891,535
2025-05-15T07:03:00.000Z,5890.75,5891.5,5889.5,5890.25,467
2025-05-15T07:04:00.000Z,5890.5,5890.75,5890,5890.25,213
2025-05-15T07:05:00.000Z,5890,5893.75,5890,5892.75,416
2025-05-15T07:06:00.000Z,5893,5894.75,5893,5894.25,202
2025-05-15T07:07:00.000Z,5894.5,5895,5893.5,5893.75,475
2025-05-15T07:08:00.000Z,5893.75,5894,5890,5890.75,275
2025-05-15T07:09:00.000Z,5890.5,5891,5889.75,5889.75,121
2025-05-15T07:10:00.000Z,5889.75,5891.25,5889.25,5890.5,263
2025-05-15T07:11:00.000Z,5890.5,5890.75,5889.5,5889.75,135
2025-05-15T07:12:00.000Z,5889.75,5889.75,5887.5,5887.5,216
2025-05-15T07:13:00.000Z,5887.5,5888,5886.75,5886.75,245
2025-05-15T07:14:00.000Z,5886.5,5887,5883.5,5884,610
2025-05-15T07:15:00.000Z,5884.25,5885.25,5882.75,5884.5,490
2025-05-15T07:16:00.000Z,5884.5,5884.5,5882.25,5882.75,264
2025-05-15T07:17:00.000Z,5882.75,5883.25,5881.5,5883.25,438
2025-05-15T07:18:00.000Z,5883,5884.25,5882,5883.25,332
2025-05-15T07:19:00.000Z,5883,5885.75,5882.5,5885.25,276
2025-05-15T07:20:00.000Z,5885.25,5886.5,5884.75,5885.75,315
2025-05-15T07:21:00.000Z,5885.75,5888.75,5885.75,5888.75,321
2025-05-15T07:22:00.000Z,5888.75,5889.25,5887.25,5887.25,158
2025-05-15T07:23:00.000Z,5887.5,5888.25,5886.75,5887.5,192
2025-05-15T07:24:00.000Z,5887.75,5889,5887,5888.5,370
2025-05-15T07:25:00.000Z,5888.5,5889.25,5887.25,5888.25,330
2025-05-15T07:26:00.000Z,5888.25,5888.75,5887,5887,222
2025-05-15T07:27:00.000Z,5887.25,5887.25,5885.25,5886,236
2025-05-15T07:28:00.000Z,5886,5886.75,5885,5886,162
2025-05-15T07:29:00.000Z,5886,5887.5,5886,5886.75,115
2025-05-15T07:30:00.000Z,5886.75,5887.25,5886.25,5886.5,96
2025-05-15T07:31:00.000Z,5886.75,5888,5886.75,5888,138
2025-05-15T07:32:00.000Z,5888.25,5888.25,5886.5,5886.75,127
2025-05-15T07:33:00.000Z,5886.75,5886.75,5885.75,5885.75,88
2025-05-15T07:34:00.000Z,5885.75,5886.75,5885.5,5885.75,109
2025-05-15T07:35:00.000Z,5885.75,5886.75,5884.25,5884.5,125
2025-05-15T07:36:00.000Z,5884.25,5885,5883.5,5885,149
2025-05-15T07:37:00.000Z,5884.75,5884.75,5883.5,5884,114
2025-05-15T07:38:00.000Z,5884,5886.75,5883.5,5883.75,432
2025-05-15T07:39:00.000Z,5883.5,5883.75,5882,5882.5,164
2025-05-15T07:40:00.000Z,5882.5,5883,5881.25,5881.5,298
2025-05-15T07:41:00.000Z,5881.25,5882.75,5880.5,5880.75,513
2025-05-15T07:42:00.000Z,5880.75,5881.75,5880.75,5881,147
2025-05-15T07:43:00.000Z,5881,5882,5880.75,5881,166
2025-05-15T07:44:00.000Z,5881,5881.5,5878,5881,682
2025-05-15T07:45:00.000Z,5880.75,5881.5,5879.25,5880.25,330
2025-05-15T07:46:00.000Z,5880.5,5880.5,5878.75,5879.25,185
2025-05-15T07:47:00.000Z,5879.25,5880.5,5878.75,5878.75,163
2025-05-15T07:48:00.000Z,5879,5879.75,5878.75,5879.5,189
2025-05-15T07:49:00.000Z,5879.75,5882.5,5879.5,5882.25,273
2025-05-15T07:50:00.000Z,5882.25,5882.75,5881.75,5882,146
2025-05-15T07:51:00.000Z,5882,5882.25,5881,5882,213
2025-05-15T07:52:00.000Z,5881.5,5882,5879.75,5880.75,176
2025-05-15T07:53:00.000Z,5880.75,5881,5879.25,5880,416
2025-05-15T07:54:00.000Z,5880,5880,5878.5,5878.75,221
2025-05-15T07:55:00.000Z,5879,5879.75,5878.5,5878.5,209
2025-05-15T07:56:00.000Z,5878.5,5878.75,5878.25,5878.75,677
2025-05-15T07:57:00.000Z,5878.75,5879.25,5878.75,5879,218
2025-05-15T07:58:00.000Z,5879,5880,5877.75,5878.5,471
2025-05-15T07:59:00.000Z,5878.5,5879,5878,5878.75,129
2025-05-15T08:00:00.000Z,5878.75,5879,5877.5,5878.75,763
2025-05-15T08:01:00.000Z,5879,5881,5878.75,5880.5,303
2025-05-15T08:02:00.000Z,5880.75,5882.5,5880.5,5881.75,221
2025-05-15T08:03:00.000Z,5881.5,5882.5,5881,5882.5,341
2025-05-15T08:04:00.000Z,5882.25,5882.5,5881.25,5881.5,347
2025-05-15T08:05:00.000Z,5881.25,5881.75,5878.25,5878.75,283
2025-05-15T08:06:00.000Z,5878.5,5878.75,5877.25,5877.5,424
2025-05-15T08:07:00.000Z,5877.5,5880,5877.5,5879,422
2025-05-15T08:08:00.000Z,5879,5881,5879,5880.75,290
2025-05-15T08:09:00.000Z,5880.75,5880.75,5880,5880,168
2025-05-15T08:10:00.000Z,5879.75,5881.5,5879.25,5881.5,250
2025-05-15T08:11:00.000Z,5881.5,5881.75,5880,5880.75,295
2025-05-15T08:12:00.000Z,5880.5,5881,5879,5879.5,238
2025-05-15T08:13:00.000Z,5879.25,5879.5,5877.75,5878,314
2025-05-15T08:14:00.000Z,5878.25,5879,5877.75,5878.75,246
2025-05-15T08:15:00.000Z,5879,5880,5878.5,5880,343
2025-05-15T08:16:00.000Z,5879.75,5881.25,5879.5,5881,245
2025-05-15T08:17:00.000Z,5881,5882,5880.5,5881.75,214
2025-05-15T08:18:00.000Z,5881.5,5882.75,5881.5,5882.5,274
2025-05-15T08:19:00.000Z,5882.75,5883,5882.25,5882.75,103
2025-05-15T08:20:00.000Z,5882.75,5883.25,5881.25,5881.5,326
2025-05-15T08:21:00.000Z,5881.25,5881.25,5880.5,5881.25,131
2025-05-15T08:22:00.000Z,5881,5882,5880.75,5881.5,150
2025-05-15T08:23:00.000Z,5881.5,5881.5,5880.25,5880.5,191
2025-05-15T08:24:00.000Z,5880.5,5881.5,5880,5881.5,115
2025-05-15T08:25:00.000Z,5881.75,5883,5881.75,5882.75,129
2025-05-15T08:26:00.000Z,5883,5883.25,5882.5,5882.5,135
2025-05-15T08:27:00.000Z,5882.75,5883,5882.5,5882.75,77
2025-05-15T08:28:00.000Z,5882.75,5883.25,5882.5,5882.5,194
2025-05-15T08:29:00.000Z,5882.5,5882.75,5881.75,5882,133
2025-05-15T08:30:00.000Z,5881.75,5882,5880,5880.75,448
2025-05-15T08:31:00.000Z,5880.5,5880.5,5878.75,5879.5,272
2025-05-15T08:32:00.000Z,5879.5,5879.75,5877,5877.25,324
2025-05-15T08:33:00.000Z,5877.25,5877.5,5876.75,5877,215
2025-05-15T08:34:00.000Z,5877,5878,5876.75,5877.75,272
2025-05-15T08:35:00.000Z,5878,5878.25,5877,5877.5,162
2025-05-15T08:36:00.000Z,5877.5,5878,5877.5,5877.5,94
2025-05-15T08:37:00.000Z,5877.25,5877.25,5876.75,5877,285
2025-05-15T08:38:00.000Z,5876.75,5877.75,5875.25,5877.75,961
2025-05-15T08:39:00.000Z,5878,5878,5875,5876,511
2025-05-15T08:40:00.000Z,5876,5876.25,5873.75,5875.25,687
2025-05-15T08:41:00.000Z,5875.25,5877.25,5875.25,5875.75,546
2025-05-15T08:42:00.000Z,5875.75,5875.75,5872.25,5872.5,303
2025-05-15T08:43:00.000Z,5872.25,5873.25,5872,5872.25,372
2025-05-15T08:44:00.000Z,5872.25,5874,5872,5873.75,271
2025-05-15T08:45:00.000Z,5874,5875,5873.25,5874.75,233
2025-05-15T08:46:00.000Z,5874.75,5875.25,5873.75,5875.25,190
2025-05-15T08:47:00.000Z,5875,5875.5,5873.25,5873.25,311
2025-05-15T08:48:00.000Z,5873.25,5873.75,5872.25,5872.75,300
2025-05-15T08:49:00.000Z,5873,5873.75,5872,5872.25,208
2025-05-15T08:50:00.000Z,5872.5,5873,5871.25,5871.75,198
2025-05-15T08:51:00.000Z,5872,5872,5870.75,5870.75,249
2025-05-15T08:52:00.000Z,5870.5,5872.25,5870,5872,311
2025-05-15T08:53:00.000Z,5872,5872.25,5871.25,5872,180
2025-05-15T08:54:00.000Z,5872,5872.25,5868,5868.75,517
2025-05-15T08:55:00.000Z,5868.75,5869.25,5867.25,5869,586
2025-05-15T08:56:00.000Z,5869,5870.75,5868.75,5870.75,291
2025-05-15T08:57:00.000Z,5870.75,5870.75,5869.75,5870.5,211
2025-05-15T08:58:00.000Z,5870.5,5871.75,5869.75,5871.5,347
2025-05-15T08:59:00.000Z,5871.25,5871.75,5870,5870.5,290
2025-05-15T09:00:00.000Z,5870.5,5872.25,5870.5,5870.75,231
2025-05-15T09:01:00.000Z,5870.75,5872,5870.75,5872,239
2025-05-15T09:02:00.000Z,5872,5873,5872,5872.25,260
2025-05-15T09:03:00.000Z,5872.25,5873,5871.75,5872.25,183
2025-05-15T09:04:00.000Z,5872.25,5872.5,5869.75,5869.75,249
2025-05-15T09:05:00.000Z,5870,5870,5868.5,5868.75,219
2025-05-15T09:06:00.000Z,5868.5,5869,5867.75,5868.75,238
2025-05-15T09:07:00.000Z,5868.5,5871,5868.5,5871,257
2025-05-15T09:08:00.000Z,5870.75,5872,5870,5870.5,202
2025-05-15T09:09:00.000Z,5870.5,5871,5868.5,5868.5,280
2025-05-15T09:10:00.000Z,5868.5,5869.75,5868.25,5869.5,213
2025-05-15T09:11:00.000Z,5869.5,5869.75,5867,5868.25,345
2025-05-15T09:12:00.000Z,5868.25,5870.25,5868,5869.5,131
2025-05-15T09:13:00.000Z,5869.5,5869.75,5868.75,5869,143
2025-05-15T09:14:00.000Z,5869.25,5869.25,5867.75,5869,166
2025-05-15T09:15:00.000Z,5868.75,5869.25,5867.75,5869,153
2025-05-15T09:16:00.000Z,5868.75,5871,5868.5,5870.5,302
2025-05-15T09:17:00.000Z,5870.25,5871,5869,5870,188
2025-05-15T09:18:00.000Z,5869.75,5870.25,5869.25,5870,112
2025-05-15T09:19:00.000Z,5870,5871.75,5869.25,5871.5,218
2025-05-15T09:20:00.000Z,5871.25,5871.5,5870.5,5871,234
2025-05-15T09:21:00.000Z,5871.25,5871.5,5870.5,5871,113
2025-05-15T09:22:00.000Z,5871,5872,5871,5872,98
2025-05-15T09:23:00.000Z,5872.25,5874.25,5872.25,5873.5,495
2025-05-15T09:24:00.000Z,5873.75,5874,5873,5873.75,133
2025-05-15T09:25:00.000Z,5873.75,5873.75,5873.25,5873.25,168
2025-05-15T09:26:00.000Z,5873.5,5874.75,5873.5,5874.75,148
2025-05-15T09:27:00.000Z,5874.75,5875.75,5873.25,5875.25,549
2025-05-15T09:28:00.000Z,5875.5,5876.75,5875.5,5876.25,366
2025-05-15T09:29:00.000Z,5876.5,5877,5876.25,5876.25,271
2025-05-15T09:30:00.000Z,5876.25,5877.25,5875.25,5876,394
2025-05-15T09:31:00.000Z,5876,5877.75,5876,5877,283
2025-05-15T09:32:00.000Z,5877.25,5877.5,5876.5,5876.75,238
2025-05-15T09:33:00.000Z,5876.75,5877,5876,5877,270
2025-05-15T09:34:00.000Z,5877,5877.5,5876.25,5877.5,212
2025-05-15T09:35:00.000Z,5877.25,5877.5,5873.75,5874.5,654
2025-05-15T09:36:00.000Z,5874.5,5875.75,5873.5,5875.5,328
2025-05-15T09:37:00.000Z,5875.5,5878.5,5875.5,5877.5,382
2025-05-15T09:38:00.000Z,5877.5,5879,5877,5878.75,186
2025-05-15T09:39:00.000Z,5879,5879,5877.5,5877.75,237
2025-05-15T09:40:00.000Z,5878,5878.25,5876.75,5876.75,255
2025-05-15T09:41:00.000Z,5877,5878.25,5876,5877.5,273
2025-05-15T09:42:00.000Z,5877.5,5877.75,5876.25,5877,227
2025-05-15T09:43:00.000Z,5877,5877.75,5876,5877.75,211
2025-05-15T09:44:00.000Z,5877.75,5878.25,5877,5878.25,138
2025-05-15T09:45:00.000Z,5878.25,5878.5,5877.5,5877.75,184
2025-05-15T09:46:00.000Z,5877.5,5878.25,5876.75,5878.25,173
2025-05-15T09:47:00.000Z,5878.25,5879.5,5878.25,5879.25,150
2025-05-15T09:48:00.000Z,5879.25,5879.75,5879,5879.25,136
2025-05-15T09:49:00.000Z,5879.25,5880,5879.25,5879.75,170
2025-05-15T09:50:00.000Z,5879.75,5880.5,5879.5,5880,235
2025-05-15T09:51:00.000Z,5880,5880.75,5879.75,5880,233
2025-05-15T09:52:00.000Z,5879.75,5880.75,5879.75,5880.5,172
2025-05-15T09:53:00.000Z,5880.5,5881,5880.25,5880.75,183
2025-05-15T09:54:00.000Z,5880.75,5880.75,5879.75,5879.75,220
2025-05-15T09:55:00.000Z,5879.75,5881.25,5879.25,5880.75,237
2025-05-15T09:56:00.000Z,5880.75,5881.75,5880.75,5881.75,221
2025-05-15T09:57:00.000Z,5881.75,5882,5881.25,5882,199
2025-05-15T09:58:00.000Z,5882,5882.5,5881.25,5882.25,233
2025-05-15T09:59:00.000Z,5882,5882.25,5881.75,5882,156
2025-05-15T10:00:00.000Z,5881.75,5881.75,5879.75,5880,280
2025-05-15T10:01:00.000Z,5879.75,5879.75,5878.75,5879,243
2025-05-15T10:02:00.000Z,5879.25,5879.25,5878,5878.5,239
2025-05-15T10:03:00.000Z,5878.5,5878.75,5878,5878,56
2025-05-15T10:04:00.000Z,5878.25,5879.5,5877.75,5877.75,149
2025-05-15T10:05:00.000Z,5878,5878.75,5876.75,5878.75,268
2025-05-15T10:06:00.000Z,5878.5,5879.25,5878.5,5878.75,155
2025-05-15T10:07:00.000Z,5878.75,5879.25,5878.5,5879,110
2025-05-15T10:08:00.000Z,5878.75,5879,5878.25,5878.25,115
2025-05-15T10:09:00.000Z,5878.25,5878.75,5877.5,5878.25,212
2025-05-15T10:10:00.000Z,5878,5879,5877.5,5878.75,255
2025-05-15T10:11:00.000Z,5878.75,5879,5875.75,5876,240
2025-05-15T10:12:00.000Z,5876,5877.25,5875.25,5877,198
2025-05-15T10:13:00.000Z,5877,5878.5,5876.75,5878,303
2025-05-15T10:14:00.000Z,5877.75,5879.75,5877.75,5879.5,325
2025-05-15T10:15:00.000Z,5879.5,5879.5,5878,5878,273
2025-05-15T10:16:00.000Z,5878.25,5879,5877.5,5878.25,205
2025-05-15T10:17:00.000Z,5878.25,5878.25,5877.75,5877.75,105
2025-05-15T10:18:00.000Z,5877.75,5877.75,5877,5877,61
2025-05-15T10:19:00.000Z,5877,5877.25,5876.5,5877.25,106
2025-05-15T10:20:00.000Z,5877.25,5877.25,5877,5877,41
2025-05-15T10:21:00.000Z,5876.75,5878,5875.5,5878,131
2025-05-15T10:22:00.000Z,5878,5879.25,5878,5879,127
2025-05-15T10:23:00.000Z,5879,5879.25,5878.5,5878.5,92
2025-05-15T10:24:00.000Z,5878.75,5879,5878.25,5878.25,121
2025-05-15T10:25:00.000Z,5878.25,5879,5877.25,5879,151
2025-05-15T10:26:00.000Z,5878.75,5880,5878.75,5879.5,207
2025-05-15T10:27:00.000Z,5879.5,5880,5879.25,5879.75,126
2025-05-15T10:28:00.000Z,5879.75,5879.75,5878.75,5878.75,93
2025-05-15T10:29:00.000Z,5878.75,5879.5,5878.75,5879,80
2025-05-15T10:30:00.000Z,5879,5879,5878,5878.5,171
2025-05-15T10:31:00.000Z,5878.5,5878.75,5878.25,5878.25,79
2025-05-15T10:32:00.000Z,5878.25,5879,5878.25,5878.5,56
2025-05-15T10:33:00.000Z,5878.75,5879,5878.5,5879,28
2025-05-15T10:34:00.000Z,5878.75,5879,5878.25,5878.5,159
2025-05-15T10:35:00.000Z,5878.75,5879.75,5878.5,5879.5,194
2025-05-15T10:36:00.000Z,5879.25,5879.75,5878.25,5879.25,229
2025-05-15T10:37:00.000Z,5879.25,5879.5,5878.75,5878.75,95
2025-05-15T10:38:00.000Z,5878.5,5878.75,5877,5877.25,121
2025-05-15T10:39:00.000Z,5877.25,5878.25,5877,5878,188
2025-05-15T10:40:00.000Z,5877.75,5879,5877.75,5878.75,70
2025-05-15T10:41:00.000Z,5878.75,5878.75,5877.5,5877.5,57
2025-05-15T10:42:00.000Z,5877.5,5878.25,5877,5878.25,83
2025-05-15T10:43:00.000Z,5878.25,5879,5878,5879,57
2025-05-15T10:44:00.000Z,5878.75,5878.75,5877.75,5877.75,71
2025-05-15T10:45:00.000Z,5877.75,5877.75,5877,5877.5,109
2025-05-15T10:46:00.000Z,5877.5,5877.75,5877.25,5877.5,116
2025-05-15T10:47:00.000Z,5877.5,5878,5877.25,5878,103
2025-05-15T10:48:00.000Z,5878.25,5878.5,5877.25,5877.5,63
2025-05-15T10:49:00.000Z,5877.5,5878.25,5877.25,5877.75,128
2025-05-15T10:50:00.000Z,5878,5878.25,5877.25,5877.25,119
2025-05-15T10:51:00.000Z,5877.25,5877.5,5876.75,5877.25,207
2025-05-15T10:52:00.000Z,5877.25,5877.75,5877.25,5877.5,55
2025-05-15T10:53:00.000Z,5877.5,5878.75,5877.25,5878.75,141
2025-05-15T10:54:00.000Z,5878.75,5879.5,5878.75,5879.5,129
2025-05-15T10:55:00.000Z,5879.75,5880.25,5878,5878,314
2025-05-15T10:56:00.000Z,5878.25,5879.25,5878,5879,329
2025-05-15T10:57:00.000Z,5878.75,5879.5,5878.5,5879.25,402
2025-05-15T10:58:00.000Z,5879,5880,5878.5,5880,444
2025-05-15T10:59:00.000Z,5879.75,5881.25,5878.5,5879.75,1515
2025-05-15T11:00:00.000Z,5879.5,5882,5878.25,5882,1337
2025-05-15T11:01:00.000Z,5881.75,5883.5,5881.25,5883,459
2025-05-15T11:02:00.000Z,5883,5883.5,5882,5882.25,525
2025-05-15T11:03:00.000Z,5882.5,5883.25,5882,5883,274
2025-05-15T11:04:00.000Z,5883,5883,5882,5882.5,248
2025-05-15T11:05:00.000Z,5882.25,5883.25,5881.25,5882.75,343
2025-05-15T11:06:00.000Z,5883,5883,5881.5,5882.25,244
2025-05-15T11:07:00.000Z,5882.25,5883,5881.5,5882.25,316
2025-05-15T11:08:00.000Z,5882.5,5883.75,5882.25,5883.25,252
2025-05-15T11:09:00.000Z,5883.25,5883.25,5881,5881.75,327
2025-05-15T11:10:00.000Z,5882,5882.25,5881.75,5882.25,93
2025-05-15T11:11:00.000Z,5882.5,5883,5882.5,5882.75,77
2025-05-15T11:12:00.000Z,5882.75,5883,5882.5,5882.75,67
2025-05-15T11:13:00.000Z,5882.5,5883.25,5882.25,5883,102
2025-05-15T11:14:00.000Z,5883.25,5883.5,5883,5883.5,114
2025-05-15T11:15:00.000Z,5883.5,5883.75,5883,5883.25,227
2025-05-15T11:16:00.000Z,5883.25,5883.5,5882.5,5882.5,308
2025-05-15T11:17:00.000Z,5882.5,5882.5,5880.5,5881.25,339
2025-05-15T11:18:00.000Z,5881,5881.5,5880.5,5880.75,176
2025-05-15T11:19:00.000Z,5881,5881.75,5880.75,5881.5,114
2025-05-15T11:20:00.000Z,5881.25,5882.75,5881.25,5882,752
2025-05-15T11:21:00.000Z,5882,5882.75,5881.5,5882.5,641
2025-05-15T11:22:00.000Z,5882.5,5883.25,5882,5883.25,399
2025-05-15T11:23:00.000Z,5883.5,5884,5883,5883.25,303
2025-05-15T11:24:00.000Z,5883.25,5883.75,5882.75,5883,448
2025-05-15T11:25:00.000Z,5883,5883.5,5882.25,5882.25,256
2025-05-15T11:26:00.000Z,5882.5,5885.25,5882.25,5885.25,461
2025-05-15T11:27:00.000Z,5885.25,5885.75,5885,5885.25,282
2025-05-15T11:28:00.000Z,5885.25,5886,5885,5885.75,407
2025-05-15T11:29:00.000Z,5885.5,5887.75,5884.75,5887.25,1002
2025-05-15T11:30:00.000Z,5887.25,5889,5887.25,5888.5,519
2025-05-15T11:31:00.000Z,5888.75,5889.5,5888,5888,720
2025-05-15T11:32:00.000Z,5888,5888,5886.75,5887,230
2025-05-15T11:33:00.000Z,5887.25,5887.25,5886.75,5886.75,203
2025-05-15T11:34:00.000Z,5886.5,5887.5,5886,5887,298
2025-05-15T11:35:00.000Z,5887,5888.25,5886.5,5887.5,392
2025-05-15T11:36:00.000Z,5887.25,5888,5887.25,5887.25,185
2025-05-15T11:37:00.000Z,5887,5887,5886.25,5886.75,441
2025-05-15T11:38:00.000Z,5886.75,5887,5885.75,5886.25,254
2025-05-15T11:39:00.000Z,5886.25,5887.25,5886,5886.25,176
2025-05-15T11:40:00.000Z,5886,5886.5,5885.75,5886.25,134
2025-05-15T11:41:00.000Z,5886.5,5887.25,5886.5,5886.5,229
2025-05-15T11:42:00.000Z,5886.5,5887,5886,5886.25,159
2025-05-15T11:43:00.000Z,5886.5,5887,5886,5886.5,143
2025-05-15T11:44:00.000Z,5886.25,5886.75,5885.5,5885.5,217
2025-05-15T11:45:00.000Z,5885.75,5885.75,5883.5,5884,548
2025-05-15T11:46:00.000Z,5884.25,5884.5,5883.5,5883.75,677
2025-05-15T11:47:00.000Z,5883.5,5884.25,5883.25,5883.75,742
2025-05-15T11:48:00.000Z,5884,5884,5883.25,5883.75,220
2025-05-15T11:49:00.000Z,5884,5885.75,5883.75,5885.75,463
2025-05-15T11:50:00.000Z,5885.75,5886,5883.75,5884,461
2025-05-15T11:51:00.000Z,5884,5884.5,5883.25,5883.25,154
2025-05-15T11:52:00.000Z,5883.5,5883.5,5882.75,5883.5,198
2025-05-15T11:53:00.000Z,5883.25,5884,5883,5884,106
2025-05-15T11:54:00.000Z,5884,5884,5883.75,5884,131
2025-05-15T11:55:00.000Z,5884,5884.25,5883.5,5884,246
2025-05-15T11:56:00.000Z,5884.25,5885.5,5883.5,5885.5,580
2025-05-15T11:57:00.000Z,5885.25,5885.5,5884.5,5884.5,222
2025-05-15T11:58:00.000Z,5884.75,5885.25,5884.25,5885,293
2025-05-15T11:59:00.000Z,5885,5885.5,5884,5884.5,440
2025-05-15T12:00:00.000Z,5884.5,5886,5883.75,5883.75,457
2025-05-15T12:01:00.000Z,5884,5884.25,5883.25,5884.25,192
2025-05-15T12:02:00.000Z,5884.25,5887,5884.25,5886.75,407
2025-05-15T12:03:00.000Z,5886.75,5887,5885.75,5886,216
2025-05-15T12:04:00.000Z,5886,5886,5884.5,5884.75,204
2025-05-15T12:05:00.000Z,5884.5,5885,5884,5884.25,268
2025-05-15T12:06:00.000Z,5884.25,5884.5,5883.5,5883.5,162
2025-05-15T12:07:00.000Z,5883.75,5884.25,5883.5,5883.75,190
2025-05-15T12:08:00.000Z,5883.75,5884.75,5883,5883.5,383
2025-05-15T12:09:00.000Z,5883.5,5883.5,5882,5882.25,229
2025-05-15T12:10:00.000Z,5882.5,5883,5882.25,5882.5,114
2025-05-15T12:11:00.000Z,5883,5883,5882,5882.25,222
2025-05-15T12:12:00.000Z,5882.5,5882.5,5881,5881.25,343
2025-05-15T12:13:00.000Z,5881.25,5882,5881.25,5881.75,167
2025-05-15T12:14:00.000Z,5881.75,5882,5881.25,5882,180
2025-05-15T12:15:00.000Z,5881.75,5882.5,5881.5,5882,166
2025-05-15T12:16:00.000Z,5881.75,5881.75,5881,5881,164
2025-05-15T12:17:00.000Z,5881,5881.5,5881,5881,152
2025-05-15T12:18:00.000Z,5881.25,5882,5880.75,5881.75,153
2025-05-15T12:19:00.000Z,5881.75,5882,5881.5,5881.75,151
2025-05-15T12:20:00.000Z,5881.5,5882.75,5881.25,5882.5,235
2025-05-15T12:21:00.000Z,5882.5,5883,5882,5882.25,471
2025-05-15T12:22:00.000Z,5882,5882,5880.5,5881.75,288
2025-05-15T12:23:00.000Z,5881.75,5882,5881,5881,146
2025-05-15T12:24:00.000Z,5881.25,5881.5,5880.75,5881.25,346
2025-05-15T12:25:00.000Z,5881.25,5881.75,5880.75,5881.5,410
2025-05-15T12:26:00.000Z,5881.5,5881.5,5880.25,5880.25,259
2025-05-15T12:27:00.000Z,5880.5,5880.5,5878.75,5879.25,339
2025-05-15T12:28:00.000Z,5879.5,5880.25,5879.25,5879.5,303
2025-05-15T12:29:00.000Z,5879.75,5881.5,5879.75,5881.25,436
2025-05-15T12:30:00.000Z,5880.75,5888,5877,5884.25,2180
2025-05-15T12:31:00.000Z,5884.25,5886.75,5884,5886.75,1123
2025-05-15T12:32:00.000Z,5886.75,5891.5,5886.5,5890.5,1739
2025-05-15T12:33:00.000Z,5890.5,5895,5890.25,5894.5,1767
2025-05-15T12:34:00.000Z,5894.5,5894.5,5891.75,5894,1169
2025-05-15T12:35:00.000Z,5894,5894.25,5890,5890.25,850
2025-05-15T12:36:00.000Z,5890.25,5893,5889.5,5892,1206
2025-05-15T12:37:00.000Z,5892,5892.5,5889,5890,847
2025-05-15T12:38:00.000Z,5889.75,5891.25,5889,5890.25,441
2025-05-15T12:39:00.000Z,5890.5,5891,5889.5,5890,399
2025-05-15T12:40:00.000Z,5890.25,5890.5,5889,5890,584
2025-05-15T12:41:00.000Z,5890,5891.25,5889.25,5889.25,419
2025-05-15T12:42:00.000Z,5889.25,5894,5889.25,5894,871
2025-05-15T12:43:00.000Z,5893.75,5896.5,5893.25,5896.25,1458
2025-05-15T12:44:00.000Z,5896.5,5898.25,5895,5895.25,1216
2025-05-15T12:45:00.000Z,5895.25,5895.5,5889.75,5892,1586
2025-05-15T12:46:00.000Z,5891.75,5891.75,5889,5889,809
2025-05-15T12:47:00.000Z,5889,5890.75,5887.5,5888,996
2025-05-15T12:48:00.000Z,5888,5889.5,5887.75,5888.75,821
2025-05-15T12:49:00.000Z,5889,5889.25,5885.5,5886,1695
2025-05-15T12:50:00.000Z,5885.75,5886,5882.75,5883.5,1753
2025-05-15T12:51:00.000Z,5883.5,5886,5883,5884.5,1148
2025-05-15T12:52:00.000Z,5884.75,5887.25,5884.5,5884.75,966
2025-05-15T12:53:00.000Z,5884.5,5886.5,5883.5,5886.5,661
2025-05-15T12:54:00.000Z,5886.5,5888.5,5886,5886.25,1168
2025-05-15T12:55:00.000Z,5886.5,5887.5,5886,5886.25,452
2025-05-15T12:56:00.000Z,5886.25,5887.25,5885.75,5886.75,242
2025-05-15T12:57:00.000Z,5886.75,5888.25,5885.5,5887.5,824
2025-05-15T12:58:00.000Z,5887.5,5888,5886,5887.25,461
2025-05-15T12:59:00.000Z,5887.25,5888,5886.25,5887,400
2025-05-15T13:00:00.000Z,5887,5887.5,5885.75,5885.75,742
2025-05-15T13:01:00.000Z,5886,5888.25,5885.25,5887.5,619
2025-05-15T13:02:00.000Z,5887.75,5888.25,5887.25,5887.5,434
2025-05-15T13:03:00.000Z,5887.5,5889.75,5887,5889.75,702
2025-05-15T13:04:00.000Z,5889.5,5890,5887.75,5888.75,577
2025-05-15T13:05:00.000Z,5888.5,5890.25,5888,5889.25,398
2025-05-15T13:06:00.000Z,5889.25,5891,5889.25,5890.5,400
2025-05-15T13:07:00.000Z,5890.75,5891,5888.5,5889.75,580
2025-05-15T13:08:00.000Z,5889.75,5893.75,5889.75,5893,856
2025-05-15T13:09:00.000Z,5893,5893.5,5891.75,5892.5,778
2025-05-15T13:10:00.000Z,5892.5,5892.75,5891.25,5891.75,261
2025-05-15T13:11:00.000Z,5891.75,5893,5891,5891.5,404
2025-05-15T13:12:00.000Z,5891.75,5892.75,5891,5892.75,317
2025-05-15T13:13:00.000Z,5892.5,5892.75,5891.5,5892,204
2025-05-15T13:14:00.000Z,5891.75,5892,5890,5890.25,351
2025-05-15T13:15:00.000Z,5890.5,5891.75,5890.25,5890.75,597
2025-05-15T13:16:00.000Z,5890.75,5891.5,5890.25,5891.25,264
2025-05-15T13:17:00.000Z,5891.25,5891.5,5889.25,5891,446
2025-05-15T13:18:00.000Z,5891,5891,5889.5,5890,236
2025-05-15T13:19:00.000Z,5890,5890,5888.25,5889.25,459
2025-05-15T13:20:00.000Z,5889.25,5889.75,5887.5,5888.25,491
2025-05-15T13:21:00.000Z,5888.25,5889,5887.25,5888.5,385
2025-05-15T13:22:00.000Z,5888.25,5888.25,5887.5,5887.75,290
2025-05-15T13:23:00.000Z,5887.75,5888,5886.5,5888,434
2025-05-15T13:24:00.000Z,5888.25,5888.25,5886.75,5886.75,365
2025-05-15T13:25:00.000Z,5886.75,5888.25,5886.25,5887,738
2025-05-15T13:26:00.000Z,5887,5888.5,5887,5888.25,256
2025-05-15T13:27:00.000Z,5888,5889.25,5887.25,5889,572
2025-05-15T13:28:00.000Z,5888.75,5890.5,5888.5,5890.25,1129
2025-05-15T13:29:00.000Z,5890.25,5890.25,5888.25,5889,1575
2025-05-15T13:30:00.000Z,5889,5892.25,5888.5,5890,8796
2025-05-15T13:31:00.000Z,5890,5895.25,5889.25,5894.5,5696
2025-05-15T13:32:00.000Z,5894.5,5897.75,5894.5,5896.25,4529
2025-05-15T13:33:00.000Z,5896.5,5897.5,5894.5,5894.5,4333
2025-05-15T13:34:00.000Z,5894.5,5898.5,5893.5,5897,3789
2025-05-15T13:35:00.000Z,5897.25,5898.25,5893.25,5894.25,3641
2025-05-15T13:36:00.000Z,5894,5894,5891.5,5892.5,4209
2025-05-15T13:37:00.000Z,5892.5,5896.25,5890.5,5895,3669
2025-05-15T13:38:00.000Z,5895,5895.5,5891.75,5892.75,3123
2025-05-15T13:39:00.000Z,5892.75,5893.75,5890.75,5891.5,3314
2025-05-15T13:40:00.000Z,5891.75,5892.25,5888.5,5891.75,4184
2025-05-15T13:41:00.000Z,5891.5,5893.75,5889.5,5891.75,3004
2025-05-15T13:42:00.000Z,5892,5895.5,5891,5892.25,4082
2025-05-15T13:43:00.000Z,5892.5,5895.25,5891.75,5894.25,2183
2025-05-15T13:44:00.000Z,5894.25,5897.25,5894,5896.25,2456
2025-05-15T13:45:00.000Z,5896.25,5896.75,5894,5894,2149
2025-05-15T13:46:00.000Z,5894.25,5894.25,5886.75,5887,4455
2025-05-15T13:47:00.000Z,5887,5889.75,5884.5,5889.25,5710
2025-05-15T13:48:00.000Z,5889.25,5889.25,5885.25,5886,2797
2025-05-15T13:49:00.000Z,5886,5888.25,5884.75,5887.75,3555
2025-05-15T13:50:00.000Z,5887.5,5888.25,5885.5,5886.5,1856
2025-05-15T13:51:00.000Z,5886.5,5888.25,5885.25,5886.75,2393
2025-05-15T13:52:00.000Z,5886.5,5891.75,5885.5,5891,3900
2025-05-15T13:53:00.000Z,5891.25,5893,5889.5,5892.5,3860
2025-05-15T13:54:00.000Z,5892.5,5895.25,5892.25,5893,2973
2025-05-15T13:55:00.000Z,5893,5893.75,5891.25,5893,2276
2025-05-15T13:56:00.000Z,5893,5895.75,5890.75,5895.25,2085
2025-05-15T13:57:00.000Z,5895.25,5896.5,5891.5,5892.5,2417
2025-05-15T13:58:00.000Z,5892.25,5894.75,5891.75,5894,1854
2025-05-15T13:59:00.000Z,5894,5895.75,5893.25,5895,1538
2025-05-15T14:00:00.000Z,5895.25,5899.25,5895,5898,4261
2025-05-15T14:01:00.000Z,5898,5905.5,5898,5904,7610
2025-05-15T14:02:00.000Z,5904,5905,5900.25,5900.5,3993
2025-05-15T14:03:00.000Z,5900.75,5902.5,5900.25,5901.25,2194
2025-05-15T14:04:00.000Z,5901,5903,5900.25,5902.25,2260
2025-05-15T14:05:00.000Z,5902,5902.25,5900.25,5901.5,2253
2025-05-15T14:06:00.000Z,5901.5,5902,5898.75,5900.25,2987
2025-05-15T14:07:00.000Z,5900.25,5901.25,5899,5900,2120
2025-05-15T14:08:00.000Z,5900,5900.75,5897.75,5898,2008
2025-05-15T14:09:00.000Z,5898,5898.25,5896.25,5896.25,2465
2025-05-15T14:10:00.000Z,5896.25,5896.5,5889.25,5892.25,5394
2025-05-15T14:11:00.000Z,5892.25,5894.5,5890.75,5893.25,2962
2025-05-15T14:12:00.000Z,5893.25,5896,5892,5894.25,2780
2025-05-15T14:13:00.000Z,5894,5895.5,5892.5,5893,2593
2025-05-15T14:14:00.000Z,5893,5897,5893,5896.5,2437
2025-05-15T14:15:00.000Z,5896.5,5897.25,5893.25,5895.25,2637
2025-05-15T14:16:00.000Z,5895.5,5897.75,5891,5893.75,4989
2025-05-15T14:17:00.000Z,5894,5894.25,5890.75,5893.75,2570
2025-05-15T14:18:00.000Z,5893.75,5896.5,5893,5896,2512
2025-05-15T14:19:00.000Z,5896,5899.5,5895,5898.75,3127
2025-05-15T14:20:00.000Z,5899,5900.5,5898.25,5900,2681
2025-05-15T14:21:00.000Z,5900,5901,5897,5897.5,2372
2025-05-15T14:22:00.000Z,5897.25,5898.5,5896.25,5898.25,2206
2025-05-15T14:23:00.000Z,5898.25,5899.5,5897,5898.75,1407
2025-05-15T14:24:00.000Z,5898.75,5900.5,5897.5,5899.25,1897
2025-05-15T14:25:00.000Z,5899.25,5900.75,5897,5899.75,2676
2025-05-15T14:26:00.000Z,5899.75,5900.25,5896,5897,1773
2025-05-15T14:27:00.000Z,5897,5898,5894.25,5894.25,1740
2025-05-15T14:28:00.000Z,5894.25,5896,5893.75,5893.75,2149
2025-05-15T14:29:00.000Z,5893.75,5894.25,5891.75,5892.5,2798
2025-05-15T14:30:00.000Z,5892.5,5894,5891.75,5893.5,3172
2025-05-15T14:31:00.000Z,5893.5,5893.75,5891.5,5891.75,2408
2025-05-15T14:32:00.000Z,5891.75,5892,5889.25,5890.25,3429
2025-05-15T14:33:00.000Z,5890.25,5891.25,5888.5,5890.75,2814
2025-05-15T14:34:00.000Z,5890.5,5891.5,5889.75,5890,2318
2025-05-15T14:35:00.000Z,5890,5890.5,5887.25,5888.25,2638
2025-05-15T14:36:00.000Z,5888.25,5891.25,5887.25,5890.25,3714
2025-05-15T14:37:00.000Z,5890.25,5890.75,5887,5888.75,3141
2025-05-15T14:38:00.000Z,5888.75,5891,5888.5,5890.75,2328
2025-05-15T14:39:00.000Z,5890.75,5893,5890.5,5891.25,3044
2025-05-15T14:40:00.000Z,5891.25,5894.5,5891,5893.75,2959
2025-05-15T14:41:00.000Z,5893.75,5895.25,5891.25,5891.5,2456
2025-05-15T14:42:00.000Z,5891.25,5895.5,5891.25,5895.5,1560
2025-05-15T14:43:00.000Z,5895.25,5896.5,5894.25,5894.5,2444
2025-05-15T14:44:00.000Z,5894.5,5895.25,5893.25,5893.75,1701
2025-05-15T14:45:00.000Z,5893.75,5896.5,5893,5894,2118
2025-05-15T14:46:00.000Z,5894,5895.25,5892.5,5893.75,1754
2025-05-15T14:47:00.000Z,5893.5,5896.25,5893.5,5895.5,1655
2025-05-15T14:48:00.000Z,5895.25,5897.5,5895,5896.75,1783
2025-05-15T14:49:00.000Z,5896.75,5897.5,5892.5,5892.5,2525
2025-05-15T14:50:00.000Z,5892.5,5894.5,5890.25,5894.5,3404
2025-05-15T14:51:00.000Z,5894.25,5897.25,5893.75,5894,1928
2025-05-15T14:52:00.000Z,5894,5896.5,5894,5896,1939
2025-05-15T14:53:00.000Z,5896,5897,5894.5,5895.5,1541
2025-05-15T14:54:00.000Z,5895.5,5897.5,5895.5,5897.25,2095
2025-05-15T14:55:00.000Z,5897,5899.25,5897,5898.5,2407
2025-05-15T14:56:00.000Z,5898.5,5900.5,5898.25,5898.75,2464
2025-05-15T14:57:00.000Z,5898.75,5899.5,5897.75,5899,2189
2025-05-15T14:58:00.000Z,5899,5900,5897.75,5900,3180
2025-05-15T14:59:00.000Z,5899.75,5900.75,5899,5900.75,1737
2025-05-15T15:00:00.000Z,5900.5,5902.25,5899.25,5901.25,2698
2025-05-15T15:01:00.000Z,5901,5902,5899.5,5900.5,2073
2025-05-15T15:02:00.000Z,5900.25,5901.25,5899.5,5901.25,1261
2025-05-15T15:03:00.000Z,5901,5904.75,5901,5904.5,2993
2025-05-15T15:04:00.000Z,5904.25,5907.5,5904.25,5906.75,5210
2025-05-15T15:05:00.000Z,5906.5,5909,5906,5906.5,5408
2025-05-15T15:06:00.000Z,5906.25,5907.25,5905.5,5905.75,2433
2025-05-15T15:07:00.000Z,5905.5,5907.5,5905.25,5906.75,2057
2025-05-15T15:08:00.000Z,5906.75,5907.75,5906,5906.5,2290
2025-05-15T15:09:00.000Z,5906.75,5907.25,5905.5,5905.5,2077
2025-05-15T15:10:00.000Z,5905.75,5908.75,5905.75,5908.5,2157
2025-05-15T15:11:00.000Z,5908.5,5910,5908.5,5909,3394
2025-05-15T15:12:00.000Z,5909.25,5911,5908.75,5910.25,3005
2025-05-15T15:13:00.000Z,5910.25,5911,5910,5910.25,1543
2025-05-15T15:14:00.000Z,5910.25,5910.75,5909.5,5910.75,2012
2025-05-15T15:15:00.000Z,5910.5,5913.5,5910.25,5913.25,4815
2025-05-15T15:16:00.000Z,5913.25,5914.5,5913,5914.25,2684
2025-05-15T15:17:00.000Z,5914.25,5918,5914.25,5915.75,5510
2025-05-15T15:18:00.000Z,5915.75,5916,5914.25,5914.5,2481
2025-05-15T15:19:00.000Z,5914.5,5916.25,5914.5,5915.75,1417
2025-05-15T15:20:00.000Z,5916,5916.5,5915.5,5916.5,1530
2025-05-15T15:21:00.000Z,5916.25,5922.25,5916,5922,5115
2025-05-15T15:22:00.000Z,5922,5923.75,5918.5,5919.25,4713
2025-05-15T15:23:00.000Z,5919.25,5920.5,5918,5918.75,2812
2025-05-15T15:24:00.000Z,5918.75,5919.75,5917.5,5917.5,2669
2025-05-15T15:25:00.000Z,5917.75,5918,5915.5,5915.75,3714
2025-05-15T15:26:00.000Z,5915.75,5917,5914.25,5914.75,3484
2025-05-15T15:27:00.000Z,5914.5,5916.25,5914.5,5915.75,2237
2025-05-15T15:28:00.000Z,5915.75,5920,5915.5,5919,2637
2025-05-15T15:29:00.000Z,5919,5919,5917,5918.25,2393
2025-05-15T15:30:00.000Z,5918.25,5918.5,5915,5915.5,3083
2025-05-15T15:31:00.000Z,5915.75,5917.5,5915.5,5915.5,1952
2025-05-15T15:32:00.000Z,5915.75,5917.5,5915.25,5916.25,2089
2025-05-15T15:33:00.000Z,5916.5,5917.5,5916.25,5917,1548
2025-05-15T15:34:00.000Z,5917,5917.75,5916.25,5917.75,1590
2025-05-15T15:35:00.000Z,5917.75,5919,5917,5918.5,1986
2025-05-15T15:36:00.000Z,5918.5,5920,5917,5917.5,1955
2025-05-15T15:37:00.000Z,5917.5,5919.25,5916,5918.5,1929
2025-05-15T15:38:00.000Z,5918.5,5919.75,5918.25,5919.25,1644
2025-05-15T15:39:00.000Z,5919.5,5920.5,5918.5,5920.5,1969
2025-05-15T15:40:00.000Z,5920.5,5923.25,5920.5,5921.5,3345
2025-05-15T15:41:00.000Z,5921.5,5922.5,5920.75,5922.25,2150
2025-05-15T15:42:00.000Z,5922.5,5923,5921,5923,1540
2025-05-15T15:43:00.000Z,5923,5925.5,5922.25,5925,3752
2025-05-15T15:44:00.000Z,5925,5929,5924.75,5927.5,6708
2025-05-15T15:45:00.000Z,5927.75,5928.5,5927.25,5927.75,2386
2025-05-15T15:46:00.000Z,5927.75,5927.75,5925.5,5926,3009
2025-05-15T15:47:00.000Z,5926.25,5927.25,5924.25,5925.75,3176
2025-05-15T15:48:00.000Z,5926,5927,5925.5,5926.75,1634
2025-05-15T15:49:00.000Z,5926.75,5926.75,5924.5,5924.75,2170
2025-05-15T15:50:00.000Z,5924.75,5925.25,5920.75,5920.75,3165
2025-05-15T15:51:00.000Z,5921,5924,5920.75,5923.25,2075
2025-05-15T15:52:00.000Z,5923.25,5924.75,5922.5,5923.75,1408
2025-05-15T15:53:00.000Z,5923.75,5923.75,5921.5,5923.25,1412
2025-05-15T15:54:00.000Z,5923.25,5923.5,5921.5,5922.25,2674
2025-05-15T15:55:00.000Z,5922.5,5924.75,5922,5924.25,1610
2025-05-15T15:56:00.000Z,5924,5924.25,5921.5,5923,2796
2025-05-15T15:57:00.000Z,5923,5924.25,5922.75,5924,1538
2025-05-15T15:58:00.000Z,5924,5925.5,5923.25,5925.25,1541
2025-05-15T15:59:00.000Z,5925.25,5925.5,5924.5,5925.25,1241
2025-05-15T16:00:00.000Z,5925.5,5928,5925,5926.75,2650
2025-05-15T16:01:00.000Z,5927,5927.5,5923,5923.25,4070
2025-05-15T16:02:00.000Z,5923.5,5925.75,5923.5,5924.25,2076
2025-05-15T16:03:00.000Z,5924.5,5926.75,5923.75,5926.5,2327
2025-05-15T16:04:00.000Z,5926.5,5927.25,5925.5,5927,1760
2025-05-15T16:05:00.000Z,5927,5929,5926.75,5928.25,2033
2025-05-15T16:06:00.000Z,5928.25,5932.25,5928,5930.5,5478
2025-05-15T16:07:00.000Z,5930.5,5931.75,5929,5929.5,2607
2025-05-15T16:08:00.000Z,5929.25,5932,5928.5,5931.75,1844
2025-05-15T16:09:00.000Z,5931.75,5936.5,5930.75,5933.5,5324
2025-05-15T16:10:00.000Z,5933.5,5933.5,5930.5,5931.75,4792
2025-05-15T16:11:00.000Z,5931.5,5932,5928,5930.25,4085
2025-05-15T16:12:00.000Z,5930,5930,5928,5928.25,1998
2025-05-15T16:13:00.000Z,5928,5928.5,5927.25,5928,1739
2025-05-15T16:14:00.000Z,5928,5929.75,5927.25,5928.5,1763
2025-05-15T16:15:00.000Z,5928.75,5929.5,5927.75,5929,1508
2025-05-15T16:16:00.000Z,5929,5930.5,5928,5930,1894
2025-05-15T16:17:00.000Z,5930,5930.5,5928.75,5929.25,892
2025-05-15T16:18:00.000Z,5929,5929,5925.5,5926,2757
2025-05-15T16:19:00.000Z,5925.75,5927.5,5925.5,5927.5,2000
2025-05-15T16:20:00.000Z,5927.5,5927.75,5925.75,5927.25,2020
2025-05-15T16:21:00.000Z,5927.25,5927.25,5924,5925.25,1558
2025-05-15T16:22:00.000Z,5925.25,5927,5924.5,5925.75,1808
2025-05-15T16:23:00.000Z,5925.5,5927.25,5925.5,5926.75,1247
2025-05-15T16:24:00.000Z,5926.5,5927,5925.25,5926.25,1127
2025-05-15T16:25:00.000Z,5926.5,5926.5,5924.5,5924.5,1526
2025-05-15T16:26:00.000Z,5924.75,5925.5,5924.5,5925.25,957
2025-05-15T16:27:00.000Z,5925.25,5925.5,5922.25,5923,2684
2025-05-15T16:28:00.000Z,5923,5924.75,5922.25,5924.5,1981
2025-05-15T16:29:00.000Z,5924.75,5927,5924.5,5926.5,1751
2025-05-15T16:30:00.000Z,5926.25,5927.25,5925,5926.25,2119
2025-05-15T16:31:00.000Z,5926.25,5927.25,5925.75,5926.75,1631
2025-05-15T16:32:00.000Z,5926.75,5926.75,5923.25,5923.25,1459
2025-05-15T16:33:00.000Z,5923.5,5924.5,5923,5923.75,1155
2025-05-15T16:34:00.000Z,5923.75,5925.5,5923,5924.5,1350
2025-05-15T16:35:00.000Z,5924.75,5925.25,5923.25,5924.75,1273
2025-05-15T16:36:00.000Z,5924.75,5927.75,5924.5,5927.5,1212
2025-05-15T16:37:00.000Z,5927.75,5929.25,5927.5,5928.5,1875
2025-05-15T16:38:00.000Z,5928.5,5929.75,5927.75,5929.25,1673
2025-05-15T16:39:00.000Z,5929.25,5931,5929,5929.5,1920
2025-05-15T16:40:00.000Z,5929.75,5930.5,5929.5,5930.25,1019
2025-05-15T16:41:00.000Z,5930.25,5931,5927.75,5928.25,1971
2025-05-15T16:42:00.000Z,5928.5,5930.5,5928.25,5930.25,1498
2025-05-15T16:43:00.000Z,5930.25,5930.25,5929.25,5929.75,1127
2025-05-15T16:44:00.000Z,5929.75,5930.75,5929.5,5930.25,1163
2025-05-15T16:45:00.000Z,5930.25,5933,5930.25,5932.75,2510
2025-05-15T16:46:00.000Z,5933,5933.75,5932,5932.25,1931
2025-05-15T16:47:00.000Z,5932.5,5934.5,5932.25,5933.5,1554
2025-05-15T16:48:00.000Z,5933.75,5934.5,5933.5,5934.25,1202
2025-05-15T16:49:00.000Z,5934.5,5934.75,5933.5,5934.5,1336
2025-05-15T16:50:00.000Z,5934.75,5934.75,5933.5,5933.75,1234
2025-05-15T16:51:00.000Z,5933.75,5933.75,5932,5933.25,2008
2025-05-15T16:52:00.000Z,5933.5,5934,5932,5932,1683
2025-05-15T16:53:00.000Z,5932.25,5933.25,5932,5932.5,2119
2025-05-15T16:54:00.000Z,5932.75,5934,5932.75,5933.75,2129
2025-05-15T16:55:00.000Z,5933.75,5934.25,5932.5,5932.75,1606
2025-05-15T16:56:00.000Z,5932.75,5934,5931.75,5933.75,1672
2025-05-15T16:57:00.000Z,5934,5934,5933,5933,877
2025-05-15T16:58:00.000Z,5933.25,5933.75,5932.5,5933.25,858
2025-05-15T16:59:00.000Z,5933.5,5936.75,5933.25,5936.5,2979
2025-05-15T17:00:00.000Z,5936.5,5937.5,5935,5935.5,3858
2025-05-15T17:01:00.000Z,5935.75,5936.5,5935,5935.5,2432
2025-05-15T17:02:00.000Z,5935.5,5937.25,5935.5,5937,1159
2025-05-15T17:03:00.000Z,5937.25,5939.5,5936.75,5939.5,2714
2025-05-15T17:04:00.000Z,5939.5,5941,5938.5,5940.25,2530
2025-05-15T17:05:00.000Z,5940.25,5941.25,5939.25,5939.5,1363
2025-05-15T17:06:00.000Z,5939.5,5941,5939.5,5940.25,1488
2025-05-15T17:07:00.000Z,5940.25,5941.25,5938.5,5938.75,1509
2025-05-15T17:08:00.000Z,5938.75,5939.5,5937.25,5937.75,1752
2025-05-15T17:09:00.000Z,5937.75,5938.25,5936.5,5936.5,1632
2025-05-15T17:10:00.000Z,5936.5,5936.75,5934.75,5935.75,2315
2025-05-15T17:11:00.000Z,5935.75,5936.5,5934.75,5935.25,1204
2025-05-15T17:12:00.000Z,5935.25,5936.25,5934.75,5936,1706
2025-05-15T17:13:00.000Z,5936,5936.5,5935,5936,1241
2025-05-15T17:14:00.000Z,5935.75,5938.25,5935.5,5937.5,1680
2025-05-15T17:15:00.000Z,5937.25,5939,5936.5,5937,1404
2025-05-15T17:16:00.000Z,5937,5938.75,5937,5938,1249
2025-05-15T17:17:00.000Z,5938,5939,5937.5,5938.5,1426
2025-05-15T17:18:00.000Z,5938.5,5940.5,5938.5,5939,2084
2025-05-15T17:19:00.000Z,5938.75,5941,5938.75,5940.75,1587
2025-05-15T17:20:00.000Z,5940.75,5941.75,5940.25,5941.75,1616
2025-05-15T17:21:00.000Z,5941.75,5944.5,5941.75,5943,3707
2025-05-15T17:22:00.000Z,5943,5944.5,5942.75,5943.75,1984
2025-05-15T17:23:00.000Z,5943.75,5944,5942.25,5943.25,1950
2025-05-15T17:24:00.000Z,5943.25,5943.5,5942.25,5942.75,1463
2025-05-15T17:25:00.000Z,5942.5,5943,5940.5,5941,2390
2025-05-15T17:26:00.000Z,5941,5941.25,5939.25,5939.75,2162
2025-05-15T17:27:00.000Z,5939.75,5941.75,5938.75,5941.75,1953
2025-05-15T17:28:00.000Z,5941.75,5943.25,5941.25,5943.25,1535
2025-05-15T17:29:00.000Z,5943,5943.25,5941,5941.25,1164
2025-05-15T17:30:00.000Z,5941.5,5941.75,5938,5938.25,2677
2025-05-15T17:31:00.000Z,5938.25,5939.5,5937.75,5938,2283
2025-05-15T17:32:00.000Z,5938.25,5939,5936.75,5937.25,1877
2025-05-15T17:33:00.000Z,5937.25,5938.25,5936.75,5937.25,2019
2025-05-15T17:34:00.000Z,5937.25,5937.25,5934.75,5935,2405
2025-05-15T17:35:00.000Z,5935,5935.5,5932.5,5935.5,3631
2025-05-15T17:36:00.000Z,5935.5,5938,5935.25,5937.75,1840
2025-05-15T17:37:00.000Z,5937.75,5938,5935.5,5937.25,2000
2025-05-15T17:38:00.000Z,5937.25,5937.75,5936.25,5936.75,1115
2025-05-15T17:39:00.000Z,5936.75,5937,5935,5936.5,1457
2025-05-15T17:40:00.000Z,5936.5,5936.5,5934.5,5935.75,1299
2025-05-15T17:41:00.000Z,5935.75,5938,5935.75,5937.75,1218
2025-05-15T17:42:00.000Z,5937.75,5938,5935.5,5937.75,1143
2025-05-15T17:43:00.000Z,5937.75,5939.25,5937,5939.25,1135
2025-05-15T17:44:00.000Z,5939.25,5940,5938.5,5939.25,1814
2025-05-15T17:45:00.000Z,5939.25,5939.75,5937.25,5937.5,1808
2025-05-15T17:46:00.000Z,5937.5,5938.5,5936.5,5937.5,1506
2025-05-15T17:47:00.000Z,5937.5,5938.5,5936.75,5937,1118
2025-05-15T17:48:00.000Z,5937,5937,5935,5935.75,1949
2025-05-15T17:49:00.000Z,5935.75,5936.75,5935.25,5935.75,1103
2025-05-15T17:50:00.000Z,5935.75,5938.25,5935,5938,1449
2025-05-15T17:51:00.000Z,5938.25,5938.25,5936.75,5938,902
2025-05-15T17:52:00.000Z,5938.25,5938.25,5937,5937.25,734
2025-05-15T17:53:00.000Z,5937.5,5937.5,5935.75,5935.75,851
2025-05-15T17:54:00.000Z,5936,5936,5934.25,5935.75,1780
2025-05-15T17:55:00.000Z,5936,5936,5932,5932.75,2637
2025-05-15T17:56:00.000Z,5933,5934.25,5932.25,5933.25,1495
2025-05-15T17:57:00.000Z,5933.5,5934.25,5932,5934.25,1651
2025-05-15T17:58:00.000Z,5934.25,5935.5,5933.25,5933.5,1699
2025-05-15T17:59:00.000Z,5933.75,5934.25,5931.5,5933.25,1619
2025-05-15T18:00:00.000Z,5933.5,5933.5,5929.75,5930.75,2463
2025-05-15T18:01:00.000Z,5930.5,5932.25,5928.5,5932,2684
2025-05-15T18:02:00.000Z,5932,5933.75,5931.75,5932.25,1822
2025-05-15T18:03:00.000Z,5932.25,5932.25,5929,5930.5,2440
2025-05-15T18:04:00.000Z,5930.75,5931.25,5929.5,5930.5,1458
2025-05-15T18:05:00.000Z,5930.25,5931,5928.75,5929.25,1655
2025-05-15T18:06:00.000Z,5929.5,5931,5927.75,5930,2768
2025-05-15T18:07:00.000Z,5930.25,5933.25,5929.5,5932.75,1927
2025-05-15T18:08:00.000Z,5932.5,5933.25,5930.25,5931,1515
2025-05-15T18:09:00.000Z,5930.75,5932,5930,5930.25,980
2025-05-15T18:10:00.000Z,5930,5930.25,5928.25,5928.75,1833
2025-05-15T18:11:00.000Z,5928.75,5931.25,5928.5,5929.75,1285
2025-05-15T18:12:00.000Z,5929.5,5930.25,5928.25,5929.5,1129
2025-05-15T18:13:00.000Z,5929.75,5931,5929.5,5930,995
2025-05-15T18:14:00.000Z,5929.75,5930,5926.25,5927.5,3300
2025-05-15T18:15:00.000Z,5927.5,5927.75,5925,5927.75,3688
2025-05-15T18:16:00.000Z,5927.5,5929.5,5924.5,5925.5,2927
2025-05-15T18:17:00.000Z,5925.25,5926,5922.25,5925.75,4089
2025-05-15T18:18:00.000Z,5925.5,5926.75,5924.25,5926.5,2374
2025-05-15T18:19:00.000Z,5926.25,5926.75,5922.5,5922.5,2685
2025-05-15T18:20:00.000Z,5922.75,5923.5,5921.5,5922,3108
2025-05-15T18:21:00.000Z,5921.75,5925,5921.25,5924,2390
2025-05-15T18:22:00.000Z,5923.75,5924.75,5921.75,5923.25,2020
2025-05-15T18:23:00.000Z,5923,5925.25,5921.5,5925.25,2146
2025-05-15T18:24:00.000Z,5925,5926.5,5923.75,5925.5,2009
2025-05-15T18:25:00.000Z,5925.25,5927,5924.5,5926.75,1810
2025-05-15T18:26:00.000Z,5926.75,5929,5926.75,5928.75,2346
2025-05-15T18:27:00.000Z,5928.5,5928.75,5927,5927.5,2325
2025-05-15T18:28:00.000Z,5927.25,5928.75,5927,5928.25,1310
2025-05-15T18:29:00.000Z,5928,5929.75,5927,5929.5,2316
2025-05-15T18:30:00.000Z,5929.25,5932.5,5928.5,5932.25,3364
2025-05-15T18:31:00.000Z,5932.25,5935.75,5931.25,5935.25,4565
2025-05-15T18:32:00.000Z,5935,5937,5934,5935.25,3573
2025-05-15T18:33:00.000Z,5935.25,5936.25,5932.75,5933.75,3074
2025-05-15T18:34:00.000Z,5933.5,5936,5933.5,5935.5,2261
2025-05-15T18:35:00.000Z,5935.25,5936.75,5934.75,5936.75,1347
2025-05-15T18:36:00.000Z,5936.5,5937.75,5935.75,5936,2018
2025-05-15T18:37:00.000Z,5935.75,5936.25,5933.75,5934.75,3109
2025-05-15T18:38:00.000Z,5934.5,5935.25,5932,5934,2228
2025-05-15T18:39:00.000Z,5933.75,5935.25,5932.5,5935.25,1244
2025-05-15T18:40:00.000Z,5935,5936.75,5934.5,5936.25,1916
2025-05-15T18:41:00.000Z,5936,5937.75,5936,5937,1671
2025-05-15T18:42:00.000Z,5937,5937.5,5934.75,5937.25,1652
2025-05-15T18:43:00.000Z,5937,5937.25,5935.25,5935.75,1089
2025-05-15T18:44:00.000Z,5935.5,5936.75,5934.25,5934.75,1685
2025-05-15T18:45:00.000Z,5934.75,5935.75,5932.75,5933.25,2478
2025-05-15T18:46:00.000Z,5933,5934.75,5932.75,5934.5,1864
2025-05-15T18:47:00.000Z,5934.5,5935.25,5932.5,5932.75,1525
2025-05-15T18:48:00.000Z,5932.75,5932.75,5931,5932,2091
2025-05-15T18:49:00.000Z,5931.75,5934.25,5930.75,5933.75,1929
2025-05-15T18:50:00.000Z,5933.5,5934.25,5931.75,5933.75,1612
2025-05-15T18:51:00.000Z,5933.5,5933.75,5931.75,5932.75,1406
2025-05-15T18:52:00.000Z,5932.75,5934,5932.25,5933,1518
2025-05-15T18:53:00.000Z,5932.75,5933.25,5930.25,5932.25,1905
2025-05-15T18:54:00.000Z,5932,5932.75,5930.25,5932.25,1547
2025-05-15T18:55:00.000Z,5932,5932,5930,5931,1608
2025-05-15T18:56:00.000Z,5931,5933.25,5931,5931.75,1483
2025-05-15T18:57:00.000Z,5932,5934,5931.5,5933.75,2014
2025-05-15T18:58:00.000Z,5934,5934.5,5931.75,5932.25,1825
2025-05-15T18:59:00.000Z,5932.25,5932.75,5931.5,5931.75,1435
2025-05-15T19:00:00.000Z,5931.75,5933,5930.25,5932,2357
2025-05-15T19:01:00.000Z,5932,5934.25,5932,5933,1762
2025-05-15T19:02:00.000Z,5933,5935.5,5932.75,5934,1709
2025-05-15T19:03:00.000Z,5934,5934.5,5932.5,5933.75,1579
2025-05-15T19:04:00.000Z,5933.75,5935,5933,5934.75,1330
2025-05-15T19:05:00.000Z,5934.75,5935.75,5933.75,5935.75,1401
2025-05-15T19:06:00.000Z,5935.75,5937.75,5934.25,5935.25,3270
2025-05-15T19:07:00.000Z,5935.25,5935.5,5931.5,5931.75,1860
2025-05-15T19:08:00.000Z,5931.5,5932,5928.5,5931.5,3634
2025-05-15T19:09:00.000Z,5931.25,5931.25,5929.25,5929.25,1799
2025-05-15T19:10:00.000Z,5929,5931.5,5927.5,5930.5,3113
2025-05-15T19:11:00.000Z,5930.25,5931.75,5929.75,5930,1998
2025-05-15T19:12:00.000Z,5930.25,5931.25,5929.5,5930.75,1024
2025-05-15T19:13:00.000Z,5930.5,5932.5,5929.5,5932.25,1945
2025-05-15T19:14:00.000Z,5932,5932.75,5930.5,5931.5,1302
2025-05-15T19:15:00.000Z,5931.5,5931.5,5929.5,5930.75,1497
2025-05-15T19:16:00.000Z,5930.75,5935,5930.75,5934.25,2727
2025-05-15T19:17:00.000Z,5934.5,5936.25,5932.75,5933,2390
2025-05-15T19:18:00.000Z,5932.75,5933.75,5930.5,5933.5,3174
2025-05-15T19:19:00.000Z,5933.5,5934.5,5931,5933,1908
2025-05-15T19:20:00.000Z,5933.25,5933.5,5930.5,5931.25,2093
2025-05-15T19:21:00.000Z,5931.25,5932,5929.25,5929.75,2016
2025-05-15T19:22:00.000Z,5930,5930.25,5927.5,5929.25,3127
2025-05-15T19:23:00.000Z,5929.25,5929.5,5926.25,5927.5,2860
2025-05-15T19:24:00.000Z,5927.5,5930,5927.25,5927.25,2278
2025-05-15T19:25:00.000Z,5927.5,5927.75,5923.25,5923.25,3516
2025-05-15T19:26:00.000Z,5923.5,5924,5917.5,5920.5,7176
2025-05-15T19:27:00.000Z,5920.5,5924.25,5919.75,5924,3804
2025-05-15T19:28:00.000Z,5924,5925.25,5921.75,5921.75,3725
2025-05-15T19:29:00.000Z,5921.75,5923,5920.75,5922,2928
2025-05-15T19:30:00.000Z,5922,5927.75,5922,5927.25,4675
2025-05-15T19:31:00.000Z,5927.25,5929.75,5926,5928.25,4074
2025-05-15T19:32:00.000Z,5928.25,5929.25,5927,5927.25,1795
2025-05-15T19:33:00.000Z,5927.25,5929.5,5927.25,5928.5,2047
2025-05-15T19:34:00.000Z,5928.5,5930,5928.25,5928.5,1446
2025-05-15T19:35:00.000Z,5928.5,5930.25,5927.25,5929.25,2328
2025-05-15T19:36:00.000Z,5929.25,5930,5928.25,5928.5,1542
2025-05-15T19:37:00.000Z,5928.5,5928.5,5926.25,5926.25,1974
2025-05-15T19:38:00.000Z,5926.25,5927.25,5924.5,5925,2600
2025-05-15T19:39:00.000Z,5925,5925.75,5923.5,5925,2360
2025-05-15T19:40:00.000Z,5925,5929,5924.5,5928.75,2977
2025-05-15T19:41:00.000Z,5928.75,5930.75,5928.25,5929.5,2267
2025-05-15T19:42:00.000Z,5929.5,5930.5,5926.75,5926.75,2006
2025-05-15T19:43:00.000Z,5926.75,5928,5925,5926,2269
2025-05-15T19:44:00.000Z,5926,5928.75,5925.25,5927.5,2174
2025-05-15T19:45:00.000Z,5927.5,5928.25,5924.75,5926.5,2050
2025-05-15T19:46:00.000Z,5926.5,5928.5,5925.25,5927.25,1829
2025-05-15T19:47:00.000Z,5927.25,5929,5926.75,5928.5,4063
2025-05-15T19:48:00.000Z,5928.5,5931.5,5928.5,5930.5,2065
2025-05-15T19:49:00.000Z,5930.5,5930.75,5927.5,5928.25,2972
2025-05-15T19:50:00.000Z,5928.25,5937,5928,5936.5,8543
2025-05-15T19:51:00.000Z,5936.5,5936.5,5931.25,5933.75,2984
2025-05-15T19:52:00.000Z,5933.75,5934.5,5932,5934,2838
2025-05-15T19:53:00.000Z,5934.25,5937,5933.75,5935.75,3180
2025-05-15T19:54:00.000Z,5935.75,5935.75,5926,5928,9384
2025-05-15T19:55:00.000Z,5927.75,5929.25,5925.75,5928.5,6083
2025-05-15T19:56:00.000Z,5928.5,5934.75,5928.5,5934,3546
2025-05-15T19:57:00.000Z,5934,5934.75,5931.25,5934.25,4138
2025-05-15T19:58:00.000Z,5934.25,5934.75,5931.75,5932.75,5733
2025-05-15T19:59:00.000Z,5932.5,5939,5927,5938.25,49819
2025-05-15T20:00:00.000Z,5938.5,5939.5,5933.25,5939,18468
2025-05-15T20:01:00.000Z,5938.75,5941,5937.75,5940,5659
2025-05-15T20:02:00.000Z,5939.75,5941.5,5938.25,5938.5,2576
2025-05-15T20:03:00.000Z,5938.5,5939.75,5937.25,5939.25,1456
2025-05-15T20:04:00.000Z,5939.25,5941.25,5939.25,5940,1943
2025-05-15T20:05:00.000Z,5940,5940.25,5938,5938.25,1705
2025-05-15T20:06:00.000Z,5938.5,5939.25,5937.75,5938.75,849
2025-05-15T20:07:00.000Z,5939,5940.25,5938.5,5939,1742
2025-05-15T20:08:00.000Z,5938.75,5939.25,5938.25,5938.5,763
2025-05-15T20:09:00.000Z,5938.5,5938.75,5936.5,5936.5,1043
2025-05-15T20:10:00.000Z,5936.75,5937,5936,5937,1405
2025-05-15T20:11:00.000Z,5937,5938,5936.75,5937.75,679
2025-05-15T20:12:00.000Z,5937.5,5938.5,5937,5938,689
2025-05-15T20:13:00.000Z,5938,5938.75,5937.75,5938,306
2025-05-15T20:14:00.000Z,5938.25,5938.5,5937.25,5937.25,749
2025-05-15T20:15:00.000Z,5937.25,5938.75,5937.25,5938,327
2025-05-15T20:16:00.000Z,5938,5938,5936.5,5936.75,504
2025-05-15T20:17:00.000Z,5936.5,5936.75,5936,5936.25,226
2025-05-15T20:18:00.000Z,5936.5,5937.5,5936.5,5937,271
2025-05-15T20:19:00.000Z,5937.25,5937.5,5937,5937.25,199
2025-05-15T20:20:00.000Z,5937.5,5939.5,5937.5,5938.75,656
2025-05-15T20:21:00.000Z,5939,5939.5,5938.25,5938.25,399
2025-05-15T20:22:00.000Z,5938.25,5938.75,5937,5938.5,552
2025-05-15T20:23:00.000Z,5938.5,5939,5938.5,5938.5,190
2025-05-15T20:24:00.000Z,5938.75,5939.25,5938.5,5938.75,181
2025-05-15T20:25:00.000Z,5938.5,5938.75,5937.25,5937.5,400
2025-05-15T20:26:00.000Z,5937.5,5937.75,5937.25,5937.25,190
2025-05-15T20:27:00.000Z,5937.25,5937.5,5936,5936,429
2025-05-15T20:28:00.000Z,5936.25,5936.75,5936.25,5936.5,266
2025-05-15T20:29:00.000Z,5936.5,5936.5,5936,5936.25,52
2025-05-15T20:30:00.000Z,5936.25,5936.5,5936,5936.25,205
2025-05-15T20:31:00.000Z,5936.5,5937,5936.5,5936.75,123
2025-05-15T20:32:00.000Z,5936.75,5936.75,5936.25,5936.75,84
2025-05-15T20:33:00.000Z,5936.5,5936.5,5936,5936.25,169
2025-05-15T20:34:00.000Z,5936.5,5936.75,5936,5936,80
2025-05-15T20:35:00.000Z,5936,5936.75,5936,5936.5,232
2025-05-15T20:36:00.000Z,5936.75,5936.75,5936.25,5936.25,105
2025-05-15T20:37:00.000Z,5936.5,5937.75,5936.25,5937.25,335
2025-05-15T20:38:00.000Z,5937,5937,5936.5,5937,104
2025-05-15T20:39:00.000Z,5936.75,5937,5936.5,5937,177
2025-05-15T20:40:00.000Z,5937,5937,5936.25,5936.75,250
2025-05-15T20:41:00.000Z,5937,5937.25,5936.75,5936.75,188
2025-05-15T20:42:00.000Z,5936.75,5936.75,5936.25,5936.5,240
2025-05-15T20:43:00.000Z,5936.5,5937.25,5936.5,5937,274
2025-05-15T20:44:00.000Z,5936.75,5937,5936.75,5936.75,37
2025-05-15T20:45:00.000Z,5936.75,5937.25,5936.5,5937,264
2025-05-15T20:46:00.000Z,5937,5937.25,5937,5937,90
2025-05-15T20:47:00.000Z,5937.25,5937.75,5937,5937.75,132
2025-05-15T20:48:00.000Z,5937.5,5937.75,5937.25,5937.25,254
2025-05-15T20:49:00.000Z,5937.25,5937.25,5936.75,5937,100
2025-05-15T20:50:00.000Z,5937,5937.25,5936.75,5937,162
2025-05-15T20:51:00.000Z,5936.75,5936.75,5936.25,5936.5,122
2025-05-15T20:52:00.000Z,5936.25,5936.5,5936.25,5936.25,64
2025-05-15T20:53:00.000Z,5936.25,5936.25,5935.5,5935.75,239
2025-05-15T20:54:00.000Z,5935.75,5935.75,5935.5,5935.5,65
2025-05-15T20:55:00.000Z,5935.25,5935.5,5934.75,5935,293
2025-05-15T20:56:00.000Z,5935,5935.5,5934.75,5935.5,334
2025-05-15T20:57:00.000Z,5935.25,5935.5,5935,5935,92
2025-05-15T20:58:00.000Z,5935,5935,5934.5,5934.5,96
2025-05-15T20:59:00.000Z,5934.5,5934.75,5934,5934,295
