time,buyVolume,sellVolume,trades
2026-06-29T22:00:00.000Z,207,183,298
2026-06-29T22:01:00.000Z,146,142,224
2026-06-29T22:02:00.000Z,132,133,204
2026-06-29T22:03:00.000Z,138,105,189
2026-06-29T22:04:00.000Z,80,99,141
2026-06-29T22:05:00.000Z,293,101,305
2026-06-29T22:06:00.000Z,61,102,128
2026-06-29T22:07:00.000Z,18,17,33
2026-06-29T22:08:00.000Z,25,12,31
2026-06-29T22:09:00.000Z,131,96,183
2026-06-29T22:10:00.000Z,104,87,157
2026-06-29T22:11:00.000Z,34,90,73
2026-06-29T22:12:00.000Z,64,71,114
2026-06-29T22:13:00.000Z,49,41,64
2026-06-29T22:14:00.000Z,12,11,20
2026-06-29T22:15:00.000Z,30,15,36
2026-06-29T22:16:00.000Z,10,19,27
2026-06-29T22:17:00.000Z,21,22,32
2026-06-29T22:18:00.000Z,25,48,61
2026-06-29T22:19:00.000Z,72,18,61
2026-06-29T22:20:00.000Z,89,84,154
2026-06-29T22:21:00.000Z,20,12,29
2026-06-29T22:22:00.000Z,20,12,32
2026-06-29T22:23:00.000Z,9,13,22
2026-06-29T22:24:00.000Z,39,73,82
2026-06-29T22:25:00.000Z,37,57,62
2026-06-29T22:26:00.000Z,41,71,91
2026-06-29T22:27:00.000Z,8,17,25
2026-06-29T22:28:00.000Z,8,16,20
2026-06-29T22:29:00.000Z,38,46,66
2026-06-29T22:30:00.000Z,53,40,69
2026-06-29T22:31:00.000Z,33,101,100
2026-06-29T22:32:00.000Z,25,49,65
2026-06-29T22:33:00.000Z,54,70,90
2026-06-29T22:34:00.000Z,53,25,69
2026-06-29T22:35:00.000Z,32,18,39
2026-06-29T22:36:00.000Z,11,8,18
2026-06-29T22:37:00.000Z,9,16,23
2026-06-29T22:38:00.000Z,26,13,31
2026-06-29T22:39:00.000Z,3,18,13
2026-06-29T22:40:00.000Z,33,21,41
2026-06-29T22:41:00.000Z,96,69,131
2026-06-29T22:42:00.000Z,78,74,122
2026-06-29T22:43:00.000Z,53,41,75
2026-06-29T22:44:00.000Z,9,35,33
2026-06-29T22:45:00.000Z,8,13,19
2026-06-29T22:46:00.000Z,51,63,73
2026-06-29T22:47:00.000Z,11,20,23
2026-06-29T22:48:00.000Z,9,12,17
2026-06-29T22:49:00.000Z,12,13,23
2026-06-29T22:50:00.000Z,50,35,67
2026-06-29T22:51:00.000Z,36,67,82
2026-06-29T22:52:00.000Z,5,4,9
2026-06-29T22:53:00.000Z,21,22,35
2026-06-29T22:54:00.000Z,47,13,50
2026-06-29T22:55:00.000Z,7,11,16
2026-06-29T22:56:00.000Z,14,40,39
2026-06-29T22:57:00.000Z,26,13,28
2026-06-29T22:58:00.000Z,5,9,13
2026-06-29T22:59:00.000Z,11,10,15
2026-06-29T23:00:00.000Z,29,44,61
2026-06-29T23:01:00.000Z,18,21,32
2026-06-29T23:02:00.000Z,41,24,56
2026-06-29T23:03:00.000Z,21,15,31
2026-06-29T23:04:00.000Z,29,15,38
2026-06-29T23:05:00.000Z,22,51,54
2026-06-29T23:06:00.000Z,27,18,39
2026-06-29T23:07:00.000Z,38,25,54
2026-06-29T23:08:00.000Z,21,24,35
2026-06-29T23:09:00.000Z,135,70,156
2026-06-29T23:10:00.000Z,161,156,261
2026-06-29T23:11:00.000Z,44,36,66
2026-06-29T23:12:00.000Z,61,90,120
2026-06-29T23:13:00.000Z,20,3,20
2026-06-29T23:14:00.000Z,16,21,30
2026-06-29T23:15:00.000Z,29,35,48
2026-06-29T23:16:00.000Z,52,8,39
2026-06-29T23:17:00.000Z,36,37,50
2026-06-29T23:18:00.000Z,25,62,56
2026-06-29T23:19:00.000Z,14,15,21
2026-06-29T23:20:00.000Z,19,0,13
2026-06-29T23:21:00.000Z,12,17,25
2026-06-29T23:22:00.000Z,7,5,10
2026-06-29T23:23:00.000Z,29,53,59
2026-06-29T23:24:00.000Z,43,24,50
2026-06-29T23:25:00.000Z,31,13,30
2026-06-29T23:26:00.000Z,4,14,16
2026-06-29T23:27:00.000Z,54,39,62
2026-06-29T23:28:00.000Z,51,36,58
2026-06-29T23:29:00.000Z,19,21,29
2026-06-29T23:30:00.000Z,43,41,66
2026-06-29T23:31:00.000Z,43,23,40
2026-06-29T23:32:00.000Z,9,11,16
2026-06-29T23:33:00.000Z,47,26,67
2026-06-29T23:34:00.000Z,48,60,83
2026-06-29T23:35:00.000Z,21,35,37
2026-06-29T23:36:00.000Z,31,56,72
2026-06-29T23:37:00.000Z,54,26,60
2026-06-29T23:38:00.000Z,27,27,47
2026-06-29T23:39:00.000Z,22,36,48
2026-06-29T23:40:00.000Z,28,15,36
2026-06-29T23:41:00.000Z,27,12,33
2026-06-29T23:42:00.000Z,12,17,25
2026-06-29T23:43:00.000Z,18,9,23
2026-06-29T23:44:00.000Z,20,10,28
2026-06-29T23:45:00.000Z,61,86,121
2026-06-29T23:46:00.000Z,45,36,69
2026-06-29T23:47:00.000Z,16,11,27
2026-06-29T23:48:00.000Z,59,98,122
2026-06-29T23:49:00.000Z,66,84,122
2026-06-29T23:50:00.000Z,35,30,48
2026-06-29T23:51:00.000Z,12,31,33
2026-06-29T23:52:00.000Z,18,30,42
2026-06-29T23:53:00.000Z,19,39,50
2026-06-29T23:54:00.000Z,48,30,52
2026-06-29T23:55:00.000Z,86,27,79
2026-06-29T23:56:00.000Z,10,21,28
2026-06-29T23:57:00.000Z,33,21,51
2026-06-29T23:58:00.000Z,15,29,40
2026-06-29T23:59:00.000Z,70,96,110
2026-06-30T00:00:00.000Z,116,147,201
2026-06-30T00:01:00.000Z,65,76,114
2026-06-30T00:02:00.000Z,69,32,89
2026-06-30T00:03:00.000Z,69,59,102
2026-06-30T00:04:00.000Z,131,48,153
2026-06-30T00:05:00.000Z,148,136,195
2026-06-30T00:06:00.000Z,233,168,326
2026-06-30T00:07:00.000Z,75,104,150
2026-06-30T00:08:00.000Z,45,43,75
2026-06-30T00:09:00.000Z,34,42,61
2026-06-30T00:10:00.000Z,74,92,148
2026-06-30T00:11:00.000Z,130,49,141
2026-06-30T00:12:00.000Z,123,77,177
2026-06-30T00:13:00.000Z,55,117,135
2026-06-30T00:14:00.000Z,27,41,51
2026-06-30T00:15:00.000Z,96,81,158
2026-06-30T00:16:00.000Z,67,49,104
2026-06-30T00:17:00.000Z,76,44,95
2026-06-30T00:18:00.000Z,56,94,123
2026-06-30T00:19:00.000Z,88,60,120
2026-06-30T00:20:00.000Z,41,70,101
2026-06-30T00:21:00.000Z,65,81,121
2026-06-30T00:22:00.000Z,73,82,138
2026-06-30T00:23:00.000Z,60,42,91
2026-06-30T00:24:00.000Z,100,76,145
2026-06-30T00:25:00.000Z,26,34,57
2026-06-30T00:26:00.000Z,31,43,62
2026-06-30T00:27:00.000Z,59,123,143
2026-06-30T00:28:00.000Z,144,251,319
2026-06-30T00:29:00.000Z,98,83,162
2026-06-30T00:30:00.000Z,216,284,411
2026-06-30T00:31:00.000Z,133,135,228
2026-06-30T00:32:00.000Z,188,436,390
2026-06-30T00:33:00.000Z,104,58,119
2026-06-30T00:34:00.000Z,80,74,135
2026-06-30T00:35:00.000Z,119,81,168
2026-06-30T00:36:00.000Z,141,107,192
2026-06-30T00:37:00.000Z,100,106,166
2026-06-30T00:38:00.000Z,49,42,85
2026-06-30T00:39:00.000Z,77,48,114
2026-06-30T00:40:00.000Z,164,100,215
2026-06-30T00:41:00.000Z,117,134,194
2026-06-30T00:42:00.000Z,87,141,184
2026-06-30T00:43:00.000Z,94,82,150
2026-06-30T00:44:00.000Z,52,100,111
2026-06-30T00:45:00.000Z,141,111,191
2026-06-30T00:46:00.000Z,288,221,397
2026-06-30T00:47:00.000Z,83,86,132
2026-06-30T00:48:00.000Z,160,118,208
2026-06-30T00:49:00.000Z,108,72,110
2026-06-30T00:50:00.000Z,101,109,170
2026-06-30T00:51:00.000Z,91,50,116
2026-06-30T00:52:00.000Z,136,69,172
2026-06-30T00:53:00.000Z,75,87,134
2026-06-30T00:54:00.000Z,60,71,107
2026-06-30T00:55:00.000Z,41,41,68
2026-06-30T00:56:00.000Z,48,75,93
2026-06-30T00:57:00.000Z,74,53,99
2026-06-30T00:58:00.000Z,46,48,73
2026-06-30T00:59:00.000Z,22,36,48
2026-06-30T01:00:00.000Z,152,169,241
2026-06-30T01:01:00.000Z,87,86,145
2026-06-30T01:02:00.000Z,119,114,189
2026-06-30T01:03:00.000Z,155,97,178
2026-06-30T01:04:00.000Z,72,73,121
2026-06-30T01:05:00.000Z,70,64,101
2026-06-30T01:06:00.000Z,53,93,122
2026-06-30T01:07:00.000Z,66,48,94
2026-06-30T01:08:00.000Z,94,97,155
2026-06-30T01:09:00.000Z,72,116,149
2026-06-30T01:10:00.000Z,58,59,101
2026-06-30T01:11:00.000Z,41,35,60
2026-06-30T01:12:00.000Z,64,58,112
2026-06-30T01:13:00.000Z,51,79,105
2026-06-30T01:14:00.000Z,67,32,82
2026-06-30T01:15:00.000Z,110,104,178
2026-06-30T01:16:00.000Z,34,39,62
2026-06-30T01:17:00.000Z,78,82,133
2026-06-30T01:18:00.000Z,62,38,84
2026-06-30T01:19:00.000Z,88,71,128
2026-06-30T01:20:00.000Z,69,72,98
2026-06-30T01:21:00.000Z,42,39,65
2026-06-30T01:22:00.000Z,125,103,157
2026-06-30T01:23:00.000Z,37,60,77
2026-06-30T01:24:00.000Z,42,34,65
2026-06-30T01:25:00.000Z,30,54,62
2026-06-30T01:26:00.000Z,164,63,172
2026-06-30T01:27:00.000Z,66,83,113
2026-06-30T01:28:00.000Z,187,114,230
2026-06-30T01:29:00.000Z,91,62,127
2026-06-30T01:30:00.000Z,137,196,244
2026-06-30T01:31:00.000Z,77,130,164
2026-06-30T01:32:00.000Z,131,115,194
2026-06-30T01:33:00.000Z,37,71,96
2026-06-30T01:34:00.000Z,95,233,177
2026-06-30T01:35:00.000Z,74,86,120
2026-06-30T01:36:00.000Z,131,110,166
2026-06-30T01:37:00.000Z,96,114,158
2026-06-30T01:38:00.000Z,71,59,106
2026-06-30T01:39:00.000Z,61,38,78
2026-06-30T01:40:00.000Z,81,72,114
2026-06-30T01:41:00.000Z,92,50,117
2026-06-30T01:42:00.000Z,74,94,113
2026-06-30T01:43:00.000Z,47,50,71
2026-06-30T01:44:00.000Z,56,57,85
2026-06-30T01:45:00.000Z,39,88,90
2026-06-30T01:46:00.000Z,51,126,134
2026-06-30T01:47:00.000Z,73,86,131
2026-06-30T01:48:00.000Z,68,42,86
2026-06-30T01:49:00.000Z,59,72,98
2026-06-30T01:50:00.000Z,61,49,87
2026-06-30T01:51:00.000Z,46,16,51
2026-06-30T01:52:00.000Z,38,54,62
2026-06-30T01:53:00.000Z,24,14,33
2026-06-30T01:54:00.000Z,41,17,48
2026-06-30T01:55:00.000Z,42,22,48
2026-06-30T01:56:00.000Z,54,46,67
2026-06-30T01:57:00.000Z,20,23,40
2026-06-30T01:58:00.000Z,8,12,17
2026-06-30T01:59:00.000Z,33,32,55
2026-06-30T02:00:00.000Z,57,82,113
2026-06-30T02:01:00.000Z,43,56,76
2026-06-30T02:02:00.000Z,56,27,63
2026-06-30T02:03:00.000Z,69,60,84
2026-06-30T02:04:00.000Z,22,97,76
2026-06-30T02:05:00.000Z,44,44,69
2026-06-30T02:06:00.000Z,53,34,69
2026-06-30T02:07:00.000Z,28,21,42
2026-06-30T02:08:00.000Z,23,23,38
2026-06-30T02:09:00.000Z,43,28,60
2026-06-30T02:10:00.000Z,22,38,52
2026-06-30T02:11:00.000Z,32,47,65
2026-06-30T02:12:00.000Z,54,33,77
2026-06-30T02:13:00.000Z,12,37,34
2026-06-30T02:14:00.000Z,25,24,47
2026-06-30T02:15:00.000Z,44,71,96
2026-06-30T02:16:00.000Z,52,64,90
2026-06-30T02:17:00.000Z,78,38,88
2026-06-30T02:18:00.000Z,59,39,74
2026-06-30T02:19:00.000Z,35,38,59
2026-06-30T02:20:00.000Z,35,33,60
2026-06-30T02:21:00.000Z,48,24,60
2026-06-30T02:22:00.000Z,109,58,124
2026-06-30T02:23:00.000Z,65,31,72
2026-06-30T02:24:00.000Z,96,34,83
2026-06-30T02:25:00.000Z,54,102,113
2026-06-30T02:26:00.000Z,48,83,72
2026-06-30T02:27:00.000Z,25,45,57
2026-06-30T02:28:00.000Z,21,26,42
2026-06-30T02:29:00.000Z,50,28,58
2026-06-30T02:30:00.000Z,24,21,43
2026-06-30T02:31:00.000Z,103,70,126
2026-06-30T02:32:00.000Z,118,99,171
2026-06-30T02:33:00.000Z,44,86,103
2026-06-30T02:34:00.000Z,62,65,99
2026-06-30T02:35:00.000Z,18,8,25
2026-06-30T02:36:00.000Z,22,27,43
2026-06-30T02:37:00.000Z,22,23,35
2026-06-30T02:38:00.000Z,22,34,37
2026-06-30T02:39:00.000Z,3,4,7
2026-06-30T02:40:00.000Z,10,8,16
2026-06-30T02:41:00.000Z,14,25,32
2026-06-30T02:42:00.000Z,31,33,50
2026-06-30T02:43:00.000Z,43,58,87
2026-06-30T02:44:00.000Z,44,45,65
2026-06-30T02:45:00.000Z,23,15,34
2026-06-30T02:46:00.000Z,33,23,45
2026-06-30T02:47:00.000Z,15,10,23
2026-06-30T02:48:00.000Z,71,30,75
2026-06-30T02:49:00.000Z,50,29,60
2026-06-30T02:50:00.000Z,21,26,38
2026-06-30T02:51:00.000Z,19,18,31
2026-06-30T02:52:00.000Z,11,24,32
2026-06-30T02:53:00.000Z,10,9,19
2026-06-30T02:54:00.000Z,26,17,38
2026-06-30T02:55:00.000Z,51,54,74
2026-06-30T02:56:00.000Z,57,43,79
2026-06-30T02:57:00.000Z,20,23,40
2026-06-30T02:58:00.000Z,10,14,21
2026-06-30T02:59:00.000Z,31,71,80
2026-06-30T03:00:00.000Z,31,71,77
2026-06-30T03:01:00.000Z,57,28,66
2026-06-30T03:02:00.000Z,13,9,20
2026-06-30T03:03:00.000Z,24,10,26
2026-06-30T03:04:00.000Z,71,21,71
2026-06-30T03:05:00.000Z,35,27,52
2026-06-30T03:06:00.000Z,37,18,46
2026-06-30T03:07:00.000Z,15,14,24
2026-06-30T03:08:00.000Z,13,11,22
2026-06-30T03:09:00.000Z,35,22,42
2026-06-30T03:10:00.000Z,33,36,53
2026-06-30T03:11:00.000Z,28,19,36
2026-06-30T03:12:00.000Z,24,25,40
2026-06-30T03:13:00.000Z,15,26,32
2026-06-30T03:14:00.000Z,22,42,50
2026-06-30T03:15:00.000Z,26,11,29
2026-06-30T03:16:00.000Z,36,18,40
2026-06-30T03:17:00.000Z,29,27,49
2026-06-30T03:18:00.000Z,30,24,45
2026-06-30T03:19:00.000Z,34,41,62
2026-06-30T03:20:00.000Z,36,30,59
2026-06-30T03:21:00.000Z,7,20,24
2026-06-30T03:22:00.000Z,77,45,85
2026-06-30T03:23:00.000Z,14,25,36
2026-06-30T03:24:00.000Z,32,24,47
2026-06-30T03:25:00.000Z,31,26,45
2026-06-30T03:26:00.000Z,26,9,30
2026-06-30T03:27:00.000Z,51,7,40
2026-06-30T03:28:00.000Z,63,56,96
2026-06-30T03:29:00.000Z,20,23,39
2026-06-30T03:30:00.000Z,84,80,122
2026-06-30T03:31:00.000Z,20,41,52
2026-06-30T03:32:00.000Z,21,18,36
2026-06-30T03:33:00.000Z,27,30,50
2026-06-30T03:34:00.000Z,83,51,99
2026-06-30T03:35:00.000Z,97,44,104
2026-06-30T03:36:00.000Z,293,143,302
2026-06-30T03:37:00.000Z,141,115,189
2026-06-30T03:38:00.000Z,99,60,128
2026-06-30T03:39:00.000Z,36,83,78
2026-06-30T03:40:00.000Z,28,32,54
2026-06-30T03:41:00.000Z,120,60,133
2026-06-30T03:42:00.000Z,94,88,145
2026-06-30T03:43:00.000Z,36,65,83
2026-06-30T03:44:00.000Z,20,22,40
2026-06-30T03:45:00.000Z,27,39,58
2026-06-30T03:46:00.000Z,31,35,54
2026-06-30T03:47:00.000Z,26,55,68
2026-06-30T03:48:00.000Z,21,22,39
2026-06-30T03:49:00.000Z,32,32,53
2026-06-30T03:50:00.000Z,75,62,113
2026-06-30T03:51:00.000Z,52,43,76
2026-06-30T03:52:00.000Z,18,45,53
2026-06-30T03:53:00.000Z,15,68,73
2026-06-30T03:54:00.000Z,31,54,68
2026-06-30T03:55:00.000Z,123,132,186
2026-06-30T03:56:00.000Z,44,30,59
2026-06-30T03:57:00.000Z,34,33,45
2026-06-30T03:58:00.000Z,46,35,61
2026-06-30T03:59:00.000Z,48,110,104
2026-06-30T04:00:00.000Z,32,21,46
2026-06-30T04:01:00.000Z,270,141,327
2026-06-30T04:02:00.000Z,38,58,83
2026-06-30T04:03:00.000Z,54,42,81
2026-06-30T04:04:00.000Z,79,81,115
2026-06-30T04:05:00.000Z,74,33,87
2026-06-30T04:06:00.000Z,88,120,129
2026-06-30T04:07:00.000Z,30,80,68
2026-06-30T04:08:00.000Z,42,34,55
2026-06-30T04:09:00.000Z,28,46,60
2026-06-30T04:10:00.000Z,46,51,79
2026-06-30T04:11:00.000Z,9,13,20
2026-06-30T04:12:00.000Z,4,21,22
2026-06-30T04:13:00.000Z,21,15,33
2026-06-30T04:14:00.000Z,23,33,38
2026-06-30T04:15:00.000Z,31,41,54
2026-06-30T04:16:00.000Z,10,20,25
2026-06-30T04:17:00.000Z,23,30,48
2026-06-30T04:18:00.000Z,21,30,42
2026-06-30T04:19:00.000Z,22,17,36
2026-06-30T04:20:00.000Z,24,16,33
2026-06-30T04:21:00.000Z,91,49,101
2026-06-30T04:22:00.000Z,38,50,67
2026-06-30T04:23:00.000Z,92,35,84
2026-06-30T04:24:00.000Z,27,55,68
2026-06-30T04:25:00.000Z,38,24,54
2026-06-30T04:26:00.000Z,184,47,134
2026-06-30T04:27:00.000Z,25,29,43
2026-06-30T04:28:00.000Z,28,24,40
2026-06-30T04:29:00.000Z,53,42,70
2026-06-30T04:30:00.000Z,47,37,71
2026-06-30T04:31:00.000Z,39,29,50
2026-06-30T04:32:00.000Z,38,26,53
2026-06-30T04:33:00.000Z,20,29,43
2026-06-30T04:34:00.000Z,74,38,90
2026-06-30T04:35:00.000Z,137,76,149
2026-06-30T04:36:00.000Z,93,66,134
2026-06-30T04:37:00.000Z,18,39,43
2026-06-30T04:38:00.000Z,57,28,77
2026-06-30T04:39:00.000Z,26,26,47
2026-06-30T04:40:00.000Z,25,60,71
2026-06-30T04:41:00.000Z,103,216,171
2026-06-30T04:42:00.000Z,45,42,61
2026-06-30T04:43:00.000Z,88,235,142
2026-06-30T04:44:00.000Z,134,72,151
2026-06-30T04:45:00.000Z,118,120,173
2026-06-30T04:46:00.000Z,61,121,138
2026-06-30T04:47:00.000Z,75,108,135
2026-06-30T04:48:00.000Z,42,23,57
2026-06-30T04:49:00.000Z,43,34,64
2026-06-30T04:50:00.000Z,41,66,85
2026-06-30T04:51:00.000Z,55,38,83
2026-06-30T04:52:00.000Z,105,103,146
2026-06-30T04:53:00.000Z,61,54,83
2026-06-30T04:54:00.000Z,57,61,81
2026-06-30T04:55:00.000Z,16,27,37
2026-06-30T04:56:00.000Z,31,17,40
2026-06-30T04:57:00.000Z,6,31,29
2026-06-30T04:58:00.000Z,19,15,30
2026-06-30T04:59:00.000Z,30,26,45
2026-06-30T05:00:00.000Z,106,61,127
2026-06-30T05:01:00.000Z,135,104,201
2026-06-30T05:02:00.000Z,89,78,135
2026-06-30T05:03:00.000Z,114,97,164
2026-06-30T05:04:00.000Z,46,53,84
2026-06-30T05:05:00.000Z,35,48,66
2026-06-30T05:06:00.000Z,11,26,31
2026-06-30T05:07:00.000Z,9,7,15
2026-06-30T05:08:00.000Z,19,17,28
2026-06-30T05:09:00.000Z,41,72,70
2026-06-30T05:10:00.000Z,67,65,96
2026-06-30T05:11:00.000Z,16,27,38
2026-06-30T05:12:00.000Z,53,61,82
2026-06-30T05:13:00.000Z,54,31,64
2026-06-30T05:14:00.000Z,22,13,29
2026-06-30T05:15:00.000Z,43,73,88
2026-06-30T05:16:00.000Z,54,27,63
2026-06-30T05:17:00.000Z,100,108,153
2026-06-30T05:18:00.000Z,89,44,101
2026-06-30T05:19:00.000Z,28,37,56
2026-06-30T05:20:00.000Z,95,42,108
2026-06-30T05:21:00.000Z,77,52,97
2026-06-30T05:22:00.000Z,72,56,89
2026-06-30T05:23:00.000Z,21,37,46
2026-06-30T05:24:00.000Z,36,38,52
2026-06-30T05:25:00.000Z,42,95,99
2026-06-30T05:26:00.000Z,88,101,131
2026-06-30T05:27:00.000Z,106,110,148
2026-06-30T05:28:00.000Z,82,84,121
2026-06-30T05:29:00.000Z,62,57,85
2026-06-30T05:30:00.000Z,116,112,177
2026-06-30T05:31:00.000Z,128,159,195
2026-06-30T05:32:00.000Z,83,103,137
2026-06-30T05:33:00.000Z,61,82,104
2026-06-30T05:34:00.000Z,51,29,59
2026-06-30T05:35:00.000Z,87,123,148
2026-06-30T05:36:00.000Z,49,56,84
2026-06-30T05:37:00.000Z,45,32,64
2026-06-30T05:38:00.000Z,57,35,73
2026-06-30T05:39:00.000Z,180,55,152
2026-06-30T05:40:00.000Z,108,106,155
2026-06-30T05:41:00.000Z,104,117,165
2026-06-30T05:42:00.000Z,80,68,118
2026-06-30T05:43:00.000Z,45,55,83
2026-06-30T05:44:00.000Z,69,42,89
2026-06-30T05:45:00.000Z,19,15,30
2026-06-30T05:46:00.000Z,12,17,24
2026-06-30T05:47:00.000Z,35,35,44
2026-06-30T05:48:00.000Z,35,32,53
2026-06-30T05:49:00.000Z,22,13,34
2026-06-30T05:50:00.000Z,24,53,60
2026-06-30T05:51:00.000Z,27,25,38
2026-06-30T05:52:00.000Z,124,55,141
2026-06-30T05:53:00.000Z,65,43,75
2026-06-30T05:54:00.000Z,51,43,77
2026-06-30T05:55:00.000Z,76,111,130
2026-06-30T05:56:00.000Z,53,20,55
2026-06-30T05:57:00.000Z,38,18,50
2026-06-30T05:58:00.000Z,35,24,46
2026-06-30T05:59:00.000Z,50,22,55
2026-06-30T06:00:00.000Z,125,154,185
2026-06-30T06:01:00.000Z,128,87,137
2026-06-30T06:02:00.000Z,38,44,67
2026-06-30T06:03:00.000Z,71,25,68
2026-06-30T06:04:00.000Z,58,98,107
2026-06-30T06:05:00.000Z,36,81,91
2026-06-30T06:06:00.000Z,43,44,73
2026-06-30T06:07:00.000Z,95,37,99
2026-06-30T06:08:00.000Z,19,40,41
2026-06-30T06:09:00.000Z,28,36,44
2026-06-30T06:10:00.000Z,51,35,71
2026-06-30T06:11:00.000Z,31,23,45
2026-06-30T06:12:00.000Z,57,45,88
2026-06-30T06:13:00.000Z,57,57,94
2026-06-30T06:14:00.000Z,59,101,114
2026-06-30T06:15:00.000Z,37,36,65
2026-06-30T06:16:00.000Z,77,59,101
2026-06-30T06:17:00.000Z,70,43,93
2026-06-30T06:18:00.000Z,32,21,46
2026-06-30T06:19:00.000Z,50,49,84
2026-06-30T06:20:00.000Z,68,56,99
2026-06-30T06:21:00.000Z,59,41,83
2026-06-30T06:22:00.000Z,28,67,78
2026-06-30T06:23:00.000Z,64,76,109
2026-06-30T06:24:00.000Z,36,43,61
2026-06-30T06:25:00.000Z,43,84,96
2026-06-30T06:26:00.000Z,135,100,196
2026-06-30T06:27:00.000Z,93,83,119
2026-06-30T06:28:00.000Z,55,27,65
2026-06-30T06:29:00.000Z,73,114,129
2026-06-30T06:30:00.000Z,103,100,170
2026-06-30T06:31:00.000Z,114,56,113
2026-06-30T06:32:00.000Z,52,102,125
2026-06-30T06:33:00.000Z,141,162,187
2026-06-30T06:34:00.000Z,60,93,118
2026-06-30T06:35:00.000Z,92,58,118
2026-06-30T06:36:00.000Z,109,74,130
2026-06-30T06:37:00.000Z,74,79,115
2026-06-30T06:38:00.000Z,32,31,54
2026-06-30T06:39:00.000Z,32,47,64
2026-06-30T06:40:00.000Z,12,22,32
2026-06-30T06:41:00.000Z,68,30,76
2026-06-30T06:42:00.000Z,11,18,27
2026-06-30T06:43:00.000Z,15,35,30
2026-06-30T06:44:00.000Z,41,39,65
2026-06-30T06:45:00.000Z,38,34,57
2026-06-30T06:46:00.000Z,84,108,121
2026-06-30T06:47:00.000Z,54,97,102
2026-06-30T06:48:00.000Z,21,14,30
2026-06-30T06:49:00.000Z,69,15,68
2026-06-30T06:50:00.000Z,16,31,36
2026-06-30T06:51:00.000Z,11,9,17
2026-06-30T06:52:00.000Z,36,81,73
2026-06-30T06:53:00.000Z,16,15,29
2026-06-30T06:54:00.000Z,30,26,48
2026-06-30T06:55:00.000Z,13,20,26
2026-06-30T06:56:00.000Z,55,21,50
2026-06-30T06:57:00.000Z,39,43,58
2026-06-30T06:58:00.000Z,25,19,35
2026-06-30T06:59:00.000Z,24,29,42
2026-06-30T07:00:00.000Z,75,88,142
2026-06-30T07:01:00.000Z,52,36,76
2026-06-30T07:02:00.000Z,86,68,125
2026-06-30T07:03:00.000Z,58,47,90
2026-06-30T07:04:00.000Z,58,71,102
2026-06-30T07:05:00.000Z,68,51,90
2026-06-30T07:06:00.000Z,69,59,99
2026-06-30T07:07:00.000Z,39,30,58
2026-06-30T07:08:00.000Z,46,94,102
2026-06-30T07:09:00.000Z,83,103,150
2026-06-30T07:10:00.000Z,44,67,79
2026-06-30T07:11:00.000Z,37,43,65
2026-06-30T07:12:00.000Z,59,59,91
2026-06-30T07:13:00.000Z,30,37,61
2026-06-30T07:14:00.000Z,23,31,46
2026-06-30T07:15:00.000Z,23,22,37
2026-06-30T07:16:00.000Z,65,31,69
2026-06-30T07:17:00.000Z,22,13,30
2026-06-30T07:18:00.000Z,48,59,85
2026-06-30T07:19:00.000Z,25,17,37
2026-06-30T07:20:00.000Z,39,11,39
2026-06-30T07:21:00.000Z,17,20,27
2026-06-30T07:22:00.000Z,17,20,30
2026-06-30T07:23:00.000Z,30,22,49
2026-06-30T07:24:00.000Z,65,20,63
2026-06-30T07:25:00.000Z,30,33,50
2026-06-30T07:26:00.000Z,13,18,28
2026-06-30T07:27:00.000Z,31,31,57
2026-06-30T07:28:00.000Z,41,40,71
2026-06-30T07:29:00.000Z,10,12,22
2026-06-30T07:30:00.000Z,34,14,40
2026-06-30T07:31:00.000Z,33,54,67
2026-06-30T07:32:00.000Z,33,64,71
2026-06-30T07:33:00.000Z,14,36,40
2026-06-30T07:34:00.000Z,14,7,17
2026-06-30T07:35:00.000Z,23,19,35
2026-06-30T07:36:00.000Z,19,10,25
2026-06-30T07:37:00.000Z,32,15,36
2026-06-30T07:38:00.000Z,23,8,24
2026-06-30T07:39:00.000Z,26,54,67
2026-06-30T07:40:00.000Z,54,24,61
2026-06-30T07:41:00.000Z,25,33,51
2026-06-30T07:42:00.000Z,37,72,78
2026-06-30T07:43:00.000Z,27,28,44
2026-06-30T07:44:00.000Z,40,42,69
2026-06-30T07:45:00.000Z,131,181,249
2026-06-30T07:46:00.000Z,42,32,64
2026-06-30T07:47:00.000Z,70,47,84
2026-06-30T07:48:00.000Z,47,32,64
2026-06-30T07:49:00.000Z,40,49,72
2026-06-30T07:50:00.000Z,108,176,207
2026-06-30T07:51:00.000Z,87,40,87
2026-06-30T07:52:00.000Z,55,45,73
2026-06-30T07:53:00.000Z,68,40,82
2026-06-30T07:54:00.000Z,55,23,63
2026-06-30T07:55:00.000Z,25,28,43
2026-06-30T07:56:00.000Z,58,78,95
2026-06-30T07:57:00.000Z,49,32,55
2026-06-30T07:58:00.000Z,40,60,72
2026-06-30T07:59:00.000Z,26,23,43
2026-06-30T08:00:00.000Z,265,220,397
2026-06-30T08:01:00.000Z,72,54,108
2026-06-30T08:02:00.000Z,99,75,142
2026-06-30T08:03:00.000Z,92,86,149
2026-06-30T08:04:00.000Z,78,125,150
2026-06-30T08:05:00.000Z,113,78,139
2026-06-30T08:06:00.000Z,94,71,116
2026-06-30T08:07:00.000Z,60,37,77
2026-06-30T08:08:00.000Z,67,82,110
2026-06-30T08:09:00.000Z,54,67,88
2026-06-30T08:10:00.000Z,45,40,69
2026-06-30T08:11:00.000Z,27,17,35
2026-06-30T08:12:00.000Z,71,70,116
2026-06-30T08:13:00.000Z,43,108,107
2026-06-30T08:14:00.000Z,25,42,62
2026-06-30T08:15:00.000Z,99,75,143
2026-06-30T08:16:00.000Z,63,67,112
2026-06-30T08:17:00.000Z,38,25,49
2026-06-30T08:18:00.000Z,27,23,47
2026-06-30T08:19:00.000Z,48,29,58
2026-06-30T08:20:00.000Z,68,52,98
2026-06-30T08:21:00.000Z,121,47,132
2026-06-30T08:22:00.000Z,47,46,68
2026-06-30T08:23:00.000Z,96,96,127
2026-06-30T08:24:00.000Z,37,35,59
2026-06-30T08:25:00.000Z,52,30,70
2026-06-30T08:26:00.000Z,36,32,47
2026-06-30T08:27:00.000Z,70,72,98
2026-06-30T08:28:00.000Z,34,22,43
2026-06-30T08:29:00.000Z,51,39,62
2026-06-30T08:30:00.000Z,74,69,119
2026-06-30T08:31:00.000Z,56,94,117
2026-06-30T08:32:00.000Z,50,106,120
2026-06-30T08:33:00.000Z,71,98,129
2026-06-30T08:34:00.000Z,74,80,117
2026-06-30T08:35:00.000Z,59,78,117
2026-06-30T08:36:00.000Z,80,108,141
2026-06-30T08:37:00.000Z,50,45,76
2026-06-30T08:38:00.000Z,72,82,124
2026-06-30T08:39:00.000Z,191,197,302
2026-06-30T08:40:00.000Z,145,162,242
2026-06-30T08:41:00.000Z,107,103,141
2026-06-30T08:42:00.000Z,74,48,94
2026-06-30T08:43:00.000Z,37,21,49
2026-06-30T08:44:00.000Z,68,62,109
2026-06-30T08:45:00.000Z,34,48,73
2026-06-30T08:46:00.000Z,65,46,89
2026-06-30T08:47:00.000Z,30,31,45
2026-06-30T08:48:00.000Z,36,48,59
2026-06-30T08:49:00.000Z,46,44,60
2026-06-30T08:50:00.000Z,62,20,67
2026-06-30T08:51:00.000Z,42,58,86
2026-06-30T08:52:00.000Z,85,65,119
2026-06-30T08:53:00.000Z,49,62,92
2026-06-30T08:54:00.000Z,82,57,117
2026-06-30T08:55:00.000Z,48,58,88
2026-06-30T08:56:00.000Z,69,42,88
2026-06-30T08:57:00.000Z,14,28,34
2026-06-30T08:58:00.000Z,45,15,47
2026-06-30T08:59:00.000Z,27,21,36
2026-06-30T09:00:00.000Z,110,41,116
2026-06-30T09:01:00.000Z,51,67,85
2026-06-30T09:02:00.000Z,33,49,67
2026-06-30T09:03:00.000Z,50,24,55
2026-06-30T09:04:00.000Z,50,27,55
2026-06-30T09:05:00.000Z,18,17,30
2026-06-30T09:06:00.000Z,24,22,42
2026-06-30T09:07:00.000Z,49,42,75
2026-06-30T09:08:00.000Z,29,21,41
2026-06-30T09:09:00.000Z,16,34,35
2026-06-30T09:10:00.000Z,33,32,52
2026-06-30T09:11:00.000Z,65,34,76
2026-06-30T09:12:00.000Z,32,24,47
2026-06-30T09:13:00.000Z,25,27,44
2026-06-30T09:14:00.000Z,31,48,60
2026-06-30T09:15:00.000Z,79,41,94
2026-06-30T09:16:00.000Z,37,26,49
2026-06-30T09:17:00.000Z,40,36,59
2026-06-30T09:18:00.000Z,36,39,60
2026-06-30T09:19:00.000Z,20,16,25
2026-06-30T09:20:00.000Z,28,33,53
2026-06-30T09:21:00.000Z,40,35,60
2026-06-30T09:22:00.000Z,24,49,63
2026-06-30T09:23:00.000Z,33,51,76
2026-06-30T09:24:00.000Z,32,18,39
2026-06-30T09:25:00.000Z,50,42,77
2026-06-30T09:26:00.000Z,18,12,26
2026-06-30T09:27:00.000Z,24,8,28
2026-06-30T09:28:00.000Z,47,48,77
2026-06-30T09:29:00.000Z,29,51,66
2026-06-30T09:30:00.000Z,88,128,160
2026-06-30T09:31:00.000Z,82,68,120
2026-06-30T09:32:00.000Z,69,26,71
2026-06-30T09:33:00.000Z,15,29,35
2026-06-30T09:34:00.000Z,31,27,47
2026-06-30T09:35:00.000Z,30,14,41
2026-06-30T09:36:00.000Z,30,32,48
2026-06-30T09:37:00.000Z,52,36,72
2026-06-30T09:38:00.000Z,49,43,74
2026-06-30T09:39:00.000Z,33,26,47
2026-06-30T09:40:00.000Z,38,40,60
2026-06-30T09:41:00.000Z,41,29,61
2026-06-30T09:42:00.000Z,28,22,41
2026-06-30T09:43:00.000Z,35,33,59
2026-06-30T09:44:00.000Z,19,30,40
2026-06-30T09:45:00.000Z,40,28,48
2026-06-30T09:46:00.000Z,26,55,66
2026-06-30T09:47:00.000Z,42,29,57
2026-06-30T09:48:00.000Z,27,33,50
2026-06-30T09:49:00.000Z,83,54,107
2026-06-30T09:50:00.000Z,55,75,105
2026-06-30T09:51:00.000Z,59,42,71
2026-06-30T09:52:00.000Z,41,34,59
2026-06-30T09:53:00.000Z,24,35,49
2026-06-30T09:54:00.000Z,39,50,68
2026-06-30T09:55:00.000Z,30,18,34
2026-06-30T09:56:00.000Z,16,15,26
2026-06-30T09:57:00.000Z,12,12,20
2026-06-30T09:58:00.000Z,10,13,18
2026-06-30T09:59:00.000Z,66,62,83
2026-06-30T10:00:00.000Z,106,147,194
2026-06-30T10:01:00.000Z,22,36,49
2026-06-30T10:02:00.000Z,36,17,48
2026-06-30T10:03:00.000Z,36,53,77
2026-06-30T10:04:00.000Z,30,26,52
2026-06-30T10:05:00.000Z,44,27,54
2026-06-30T10:06:00.000Z,32,44,52
2026-06-30T10:07:00.000Z,47,49,73
2026-06-30T10:08:00.000Z,15,37,42
2026-06-30T10:09:00.000Z,21,21,36
2026-06-30T10:10:00.000Z,30,62,82
2026-06-30T10:11:00.000Z,44,65,85
2026-06-30T10:12:00.000Z,63,47,88
2026-06-30T10:13:00.000Z,78,32,83
2026-06-30T10:14:00.000Z,177,167,254
2026-06-30T10:15:00.000Z,88,87,143
2026-06-30T10:16:00.000Z,75,58,105
2026-06-30T10:17:00.000Z,80,81,128
2026-06-30T10:18:00.000Z,72,52,99
2026-06-30T10:19:00.000Z,66,86,110
2026-06-30T10:20:00.000Z,74,77,109
2026-06-30T10:21:00.000Z,39,16,45
2026-06-30T10:22:00.000Z,22,28,43
2026-06-30T10:23:00.000Z,41,28,54
2026-06-30T10:24:00.000Z,50,28,61
2026-06-30T10:25:00.000Z,72,122,133
2026-06-30T10:26:00.000Z,72,61,95
2026-06-30T10:27:00.000Z,54,18,47
2026-06-30T10:28:00.000Z,37,56,65
2026-06-30T10:29:00.000Z,45,20,42
2026-06-30T10:30:00.000Z,40,73,80
2026-06-30T10:31:00.000Z,33,17,45
2026-06-30T10:32:00.000Z,39,10,35
2026-06-30T10:33:00.000Z,30,76,72
2026-06-30T10:34:00.000Z,22,48,55
2026-06-30T10:35:00.000Z,46,67,81
2026-06-30T10:36:00.000Z,87,64,115
2026-06-30T10:37:00.000Z,37,42,63
2026-06-30T10:38:00.000Z,41,28,55
2026-06-30T10:39:00.000Z,34,48,57
2026-06-30T10:40:00.000Z,50,40,68
2026-06-30T10:41:00.000Z,24,24,41
2026-06-30T10:42:00.000Z,29,39,54
2026-06-30T10:43:00.000Z,25,49,58
2026-06-30T10:44:00.000Z,27,36,45
2026-06-30T10:45:00.000Z,49,59,75
2026-06-30T10:46:00.000Z,55,39,77
2026-06-30T10:47:00.000Z,40,76,86
2026-06-30T10:48:00.000Z,101,103,138
2026-06-30T10:49:00.000Z,51,44,73
2026-06-30T10:50:00.000Z,52,29,55
2026-06-30T10:51:00.000Z,47,25,54
2026-06-30T10:52:00.000Z,62,98,99
2026-06-30T10:53:00.000Z,107,99,119
2026-06-30T10:54:00.000Z,88,65,94
2026-06-30T10:55:00.000Z,91,103,115
2026-06-30T10:56:00.000Z,91,96,120
2026-06-30T10:57:00.000Z,70,41,75
2026-06-30T10:58:00.000Z,49,65,78
2026-06-30T10:59:00.000Z,140,87,152
2026-06-30T11:00:00.000Z,111,187,217
2026-06-30T11:01:00.000Z,61,44,87
2026-06-30T11:02:00.000Z,53,57,79
2026-06-30T11:03:00.000Z,21,24,39
2026-06-30T11:04:00.000Z,82,78,121
2026-06-30T11:05:00.000Z,180,111,213
2026-06-30T11:06:00.000Z,94,89,127
2026-06-30T11:07:00.000Z,93,93,138
2026-06-30T11:08:00.000Z,48,154,132
2026-06-30T11:09:00.000Z,71,24,62
2026-06-30T11:10:00.000Z,72,108,116
2026-06-30T11:11:00.000Z,79,50,84
2026-06-30T11:12:00.000Z,39,27,50
2026-06-30T11:13:00.000Z,32,44,63
2026-06-30T11:14:00.000Z,46,48,74
2026-06-30T11:15:00.000Z,69,118,136
2026-06-30T11:16:00.000Z,73,32,77
2026-06-30T11:17:00.000Z,55,52,84
2026-06-30T11:18:00.000Z,46,50,78
2026-06-30T11:19:00.000Z,95,89,151
2026-06-30T11:20:00.000Z,71,90,123
2026-06-30T11:21:00.000Z,49,49,92
2026-06-30T11:22:00.000Z,59,61,99
2026-06-30T11:23:00.000Z,44,54,84
2026-06-30T11:24:00.000Z,54,94,124
2026-06-30T11:25:00.000Z,72,108,141
2026-06-30T11:26:00.000Z,38,34,63
2026-06-30T11:27:00.000Z,62,39,88
2026-06-30T11:28:00.000Z,208,89,195
2026-06-30T11:29:00.000Z,82,141,158
2026-06-30T11:30:00.000Z,93,65,111
2026-06-30T11:31:00.000Z,54,64,93
2026-06-30T11:32:00.000Z,25,25,46
2026-06-30T11:33:00.000Z,36,55,82
2026-06-30T11:34:00.000Z,70,41,83
2026-06-30T11:35:00.000Z,57,57,77
2026-06-30T11:36:00.000Z,40,50,75
2026-06-30T11:37:00.000Z,25,31,43
2026-06-30T11:38:00.000Z,31,30,49
2026-06-30T11:39:00.000Z,32,20,40
2026-06-30T11:40:00.000Z,47,32,66
2026-06-30T11:41:00.000Z,67,40,84
2026-06-30T11:42:00.000Z,26,22,41
2026-06-30T11:43:00.000Z,35,25,52
2026-06-30T11:44:00.000Z,28,59,73
2026-06-30T11:45:00.000Z,85,31,86
2026-06-30T11:46:00.000Z,95,72,124
2026-06-30T11:47:00.000Z,63,76,103
2026-06-30T11:48:00.000Z,67,61,93
2026-06-30T11:49:00.000Z,86,44,93
2026-06-30T11:50:00.000Z,66,89,119
2026-06-30T11:51:00.000Z,191,171,253
2026-06-30T11:52:00.000Z,58,70,99
2026-06-30T11:53:00.000Z,59,48,83
2026-06-30T11:54:00.000Z,66,79,110
2026-06-30T11:55:00.000Z,48,68,94
2026-06-30T11:56:00.000Z,34,40,64
2026-06-30T11:57:00.000Z,33,32,54
2026-06-30T11:58:00.000Z,33,61,75
2026-06-30T11:59:00.000Z,46,54,84
2026-06-30T12:00:00.000Z,100,122,183
2026-06-30T12:01:00.000Z,118,111,159
2026-06-30T12:02:00.000Z,76,103,149
2026-06-30T12:03:00.000Z,139,180,227
2026-06-30T12:04:00.000Z,106,90,177
2026-06-30T12:05:00.000Z,185,189,276
2026-06-30T12:06:00.000Z,120,72,147
2026-06-30T12:07:00.000Z,140,110,165
2026-06-30T12:08:00.000Z,79,52,101
2026-06-30T12:09:00.000Z,57,68,96
2026-06-30T12:10:00.000Z,86,53,124
2026-06-30T12:11:00.000Z,201,109,223
2026-06-30T12:12:00.000Z,57,85,117
2026-06-30T12:13:00.000Z,101,125,163
2026-06-30T12:14:00.000Z,94,85,136
2026-06-30T12:15:00.000Z,116,94,181
2026-06-30T12:16:00.000Z,107,122,181
2026-06-30T12:17:00.000Z,66,77,113
2026-06-30T12:18:00.000Z,105,66,131
2026-06-30T12:19:00.000Z,81,69,114
2026-06-30T12:20:00.000Z,115,147,193
2026-06-30T12:21:00.000Z,68,81,120
2026-06-30T12:22:00.000Z,35,63,77
2026-06-30T12:23:00.000Z,109,108,164
2026-06-30T12:24:00.000Z,153,149,255
2026-06-30T12:25:00.000Z,129,202,268
2026-06-30T12:26:00.000Z,168,148,224
2026-06-30T12:27:00.000Z,127,100,187
2026-06-30T12:28:00.000Z,78,119,153
2026-06-30T12:29:00.000Z,91,80,139
2026-06-30T12:30:00.000Z,164,166,270
2026-06-30T12:31:00.000Z,164,224,289
2026-06-30T12:32:00.000Z,185,267,333
2026-06-30T12:33:00.000Z,176,92,218
2026-06-30T12:34:00.000Z,98,130,177
2026-06-30T12:35:00.000Z,120,82,171
2026-06-30T12:36:00.000Z,162,114,199
2026-06-30T12:37:00.000Z,252,107,225
2026-06-30T12:38:00.000Z,71,72,115
2026-06-30T12:39:00.000Z,79,58,115
2026-06-30T12:40:00.000Z,130,99,186
2026-06-30T12:41:00.000Z,53,108,124
2026-06-30T12:42:00.000Z,99,64,127
2026-06-30T12:43:00.000Z,75,80,124
2026-06-30T12:44:00.000Z,87,93,141
2026-06-30T12:45:00.000Z,62,68,109
2026-06-30T12:46:00.000Z,116,120,180
2026-06-30T12:47:00.000Z,87,75,134
2026-06-30T12:48:00.000Z,45,131,143
2026-06-30T12:49:00.000Z,89,59,132
2026-06-30T12:50:00.000Z,41,54,85
2026-06-30T12:51:00.000Z,72,50,110
2026-06-30T12:52:00.000Z,57,90,106
2026-06-30T12:53:00.000Z,66,69,110
2026-06-30T12:54:00.000Z,101,70,133
2026-06-30T12:55:00.000Z,58,113,137
2026-06-30T12:56:00.000Z,206,249,341
2026-06-30T12:57:00.000Z,117,126,184
2026-06-30T12:58:00.000Z,86,80,133
2026-06-30T12:59:00.000Z,223,209,284
2026-06-30T13:00:00.000Z,209,189,299
2026-06-30T13:01:00.000Z,308,271,383
2026-06-30T13:02:00.000Z,128,147,213
2026-06-30T13:03:00.000Z,102,69,144
2026-06-30T13:04:00.000Z,74,99,146
2026-06-30T13:05:00.000Z,90,115,158
2026-06-30T13:06:00.000Z,136,128,204
2026-06-30T13:07:00.000Z,67,150,158
2026-06-30T13:08:00.000Z,142,76,154
2026-06-30T13:09:00.000Z,207,151,250
2026-06-30T13:10:00.000Z,180,185,253
2026-06-30T13:11:00.000Z,129,130,189
2026-06-30T13:12:00.000Z,74,68,123
2026-06-30T13:13:00.000Z,110,79,143
2026-06-30T13:14:00.000Z,59,83,109
2026-06-30T13:15:00.000Z,261,169,292
2026-06-30T13:16:00.000Z,139,169,188
2026-06-30T13:17:00.000Z,69,99,131
2026-06-30T13:18:00.000Z,95,91,153
2026-06-30T13:19:00.000Z,137,192,203
2026-06-30T13:20:00.000Z,51,61,101
2026-06-30T13:21:00.000Z,164,219,239
2026-06-30T13:22:00.000Z,118,97,188
2026-06-30T13:23:00.000Z,169,192,255
2026-06-30T13:24:00.000Z,239,361,424
2026-06-30T13:25:00.000Z,342,233,430
2026-06-30T13:26:00.000Z,206,210,285
2026-06-30T13:27:00.000Z,266,267,412
2026-06-30T13:28:00.000Z,297,323,457
2026-06-30T13:29:00.000Z,733,597,815
2026-06-30T13:30:00.000Z,2662,2568,4120
2026-06-30T13:31:00.000Z,1816,1523,2681
2026-06-30T13:32:00.000Z,1510,1536,2424
2026-06-30T13:33:00.000Z,1100,920,1614
2026-06-30T13:34:00.000Z,1127,1117,1756
2026-06-30T13:35:00.000Z,2084,1583,2905
2026-06-30T13:36:00.000Z,1051,1230,1808
2026-06-30T13:37:00.000Z,1399,1191,1989
2026-06-30T13:38:00.000Z,1147,1412,1990
2026-06-30T13:39:00.000Z,891,965,1530
2026-06-30T13:40:00.000Z,1431,1320,2209
2026-06-30T13:41:00.000Z,752,787,1260
2026-06-30T13:42:00.000Z,883,1021,1601
2026-06-30T13:43:00.000Z,564,582,976
2026-06-30T13:44:00.000Z,1204,1377,1955
2026-06-30T13:45:00.000Z,1520,1212,2127
2026-06-30T13:46:00.000Z,856,878,1396
2026-06-30T13:47:00.000Z,747,805,1199
2026-06-30T13:48:00.000Z,614,509,932
2026-06-30T13:49:00.000Z,663,804,1158
2026-06-30T13:50:00.000Z,674,575,1055
2026-06-30T13:51:00.000Z,2143,1293,2471
2026-06-30T13:52:00.000Z,1064,987,1651
2026-06-30T13:53:00.000Z,585,595,980
2026-06-30T13:54:00.000Z,657,755,1124
2026-06-30T13:55:00.000Z,1126,821,1451
2026-06-30T13:56:00.000Z,1041,661,1174
2026-06-30T13:57:00.000Z,406,481,716
2026-06-30T13:58:00.000Z,747,743,1077
2026-06-30T13:59:00.000Z,862,632,982
2026-06-30T14:00:00.000Z,1326,1719,2318
2026-06-30T14:01:00.000Z,1233,1423,2109
2026-06-30T14:02:00.000Z,968,776,1338
2026-06-30T14:03:00.000Z,1433,1154,1949
2026-06-30T14:04:00.000Z,855,732,1263
2026-06-30T14:05:00.000Z,748,920,1274
2026-06-30T14:06:00.000Z,955,1076,1451
2026-06-30T14:07:00.000Z,571,522,875
2026-06-30T14:08:00.000Z,466,487,779
2026-06-30T14:09:00.000Z,568,792,1036
2026-06-30T14:10:00.000Z,986,1065,1508
2026-06-30T14:11:00.000Z,759,567,1083
2026-06-30T14:12:00.000Z,491,579,866
2026-06-30T14:13:00.000Z,446,328,625
2026-06-30T14:14:00.000Z,381,392,641
2026-06-30T14:15:00.000Z,567,527,925
2026-06-30T14:16:00.000Z,422,362,623
2026-06-30T14:17:00.000Z,494,469,777
2026-06-30T14:18:00.000Z,634,517,901
2026-06-30T14:19:00.000Z,631,637,904
2026-06-30T14:20:00.000Z,498,458,783
2026-06-30T14:21:00.000Z,575,436,776
2026-06-30T14:22:00.000Z,1109,701,1183
2026-06-30T14:23:00.000Z,779,784,1049
2026-06-30T14:24:00.000Z,610,666,889
2026-06-30T14:25:00.000Z,537,794,1009
2026-06-30T14:26:00.000Z,476,384,654
2026-06-30T14:27:00.000Z,446,400,631
2026-06-30T14:28:00.000Z,534,426,646
2026-06-30T14:29:00.000Z,523,643,789
2026-06-30T14:30:00.000Z,976,682,1182
2026-06-30T14:31:00.000Z,524,435,659
2026-06-30T14:32:00.000Z,291,482,560
2026-06-30T14:33:00.000Z,270,278,462
2026-06-30T14:34:00.000Z,455,399,657
2026-06-30T14:35:00.000Z,394,530,666
2026-06-30T14:36:00.000Z,612,769,974
2026-06-30T14:37:00.000Z,609,695,933
2026-06-30T14:38:00.000Z,624,655,929
2026-06-30T14:39:00.000Z,452,421,635
2026-06-30T14:40:00.000Z,360,389,587
2026-06-30T14:41:00.000Z,563,705,894
2026-06-30T14:42:00.000Z,590,759,976
2026-06-30T14:43:00.000Z,433,429,671
2026-06-30T14:44:00.000Z,765,479,906
2026-06-30T14:45:00.000Z,462,561,801
2026-06-30T14:46:00.000Z,680,854,1161
2026-06-30T14:47:00.000Z,535,527,813
2026-06-30T14:48:00.000Z,480,480,747
2026-06-30T14:49:00.000Z,326,334,538
2026-06-30T14:50:00.000Z,539,460,778
2026-06-30T14:51:00.000Z,402,420,653
2026-06-30T14:52:00.000Z,483,716,817
2026-06-30T14:53:00.000Z,578,533,814
2026-06-30T14:54:00.000Z,543,635,910
2026-06-30T14:55:00.000Z,759,733,1158
2026-06-30T14:56:00.000Z,856,828,1270
2026-06-30T14:57:00.000Z,617,673,952
2026-06-30T14:58:00.000Z,649,650,985
2026-06-30T14:59:00.000Z,473,426,757
2026-06-30T15:00:00.000Z,952,786,1311
2026-06-30T15:01:00.000Z,782,636,1096
2026-06-30T15:02:00.000Z,523,537,785
2026-06-30T15:03:00.000Z,379,370,613
2026-06-30T15:04:00.000Z,356,383,575
2026-06-30T15:05:00.000Z,387,431,645
2026-06-30T15:06:00.000Z,471,525,720
2026-06-30T15:07:00.000Z,389,348,566
2026-06-30T15:08:00.000Z,319,406,578
2026-06-30T15:09:00.000Z,309,346,500
2026-06-30T15:10:00.000Z,234,231,368
2026-06-30T15:11:00.000Z,254,381,504
2026-06-30T15:12:00.000Z,393,327,548
2026-06-30T15:13:00.000Z,747,454,823
2026-06-30T15:14:00.000Z,332,380,509
2026-06-30T15:15:00.000Z,293,446,521
2026-06-30T15:16:00.000Z,334,335,526
2026-06-30T15:17:00.000Z,215,238,333
2026-06-30T15:18:00.000Z,207,279,361
2026-06-30T15:19:00.000Z,346,447,571
2026-06-30T15:20:00.000Z,322,229,444
2026-06-30T15:21:00.000Z,286,302,444
2026-06-30T15:22:00.000Z,139,134,223
2026-06-30T15:23:00.000Z,316,218,380
2026-06-30T15:24:00.000Z,213,203,338
2026-06-30T15:25:00.000Z,244,249,403
2026-06-30T15:26:00.000Z,368,223,443
2026-06-30T15:27:00.000Z,202,225,324
2026-06-30T15:28:00.000Z,379,269,473
2026-06-30T15:29:00.000Z,295,291,461
2026-06-30T15:30:00.000Z,434,682,798
2026-06-30T15:31:00.000Z,366,218,381
2026-06-30T15:32:00.000Z,240,183,336
2026-06-30T15:33:00.000Z,184,223,306
2026-06-30T15:34:00.000Z,539,361,586
2026-06-30T15:35:00.000Z,388,502,597
2026-06-30T15:36:00.000Z,444,432,601
2026-06-30T15:37:00.000Z,179,223,299
2026-06-30T15:38:00.000Z,258,413,464
2026-06-30T15:39:00.000Z,187,163,268
2026-06-30T15:40:00.000Z,303,299,454
2026-06-30T15:41:00.000Z,542,495,691
2026-06-30T15:42:00.000Z,232,261,374
2026-06-30T15:43:00.000Z,197,187,297
2026-06-30T15:44:00.000Z,209,213,329
2026-06-30T15:45:00.000Z,444,297,531
2026-06-30T15:46:00.000Z,400,354,559
2026-06-30T15:47:00.000Z,234,285,383
2026-06-30T15:48:00.000Z,243,362,402
2026-06-30T15:49:00.000Z,157,158,226
2026-06-30T15:50:00.000Z,1001,579,1003
2026-06-30T15:51:00.000Z,286,358,473
2026-06-30T15:52:00.000Z,451,339,530
2026-06-30T15:53:00.000Z,698,363,593
2026-06-30T15:54:00.000Z,302,339,464
2026-06-30T15:55:00.000Z,518,481,684
2026-06-30T15:56:00.000Z,441,469,600
2026-06-30T15:57:00.000Z,308,390,447
2026-06-30T15:58:00.000Z,389,622,662
2026-06-30T15:59:00.000Z,388,534,588
2026-06-30T16:00:00.000Z,457,441,604
2026-06-30T16:01:00.000Z,342,238,429
2026-06-30T16:02:00.000Z,359,276,398
2026-06-30T16:03:00.000Z,309,415,470
2026-06-30T16:04:00.000Z,211,225,323
2026-06-30T16:05:00.000Z,341,255,413
2026-06-30T16:06:00.000Z,419,419,580
2026-06-30T16:07:00.000Z,191,227,327
2026-06-30T16:08:00.000Z,186,277,323
2026-06-30T16:09:00.000Z,312,327,432
2026-06-30T16:10:00.000Z,193,189,293
2026-06-30T16:11:00.000Z,246,331,403
2026-06-30T16:12:00.000Z,223,241,351
2026-06-30T16:13:00.000Z,216,267,324
2026-06-30T16:14:00.000Z,236,177,295
2026-06-30T16:15:00.000Z,355,275,407
2026-06-30T16:16:00.000Z,930,534,925
2026-06-30T16:17:00.000Z,287,309,407
2026-06-30T16:18:00.000Z,255,357,413
2026-06-30T16:19:00.000Z,238,258,351
2026-06-30T16:20:00.000Z,194,165,276
2026-06-30T16:21:00.000Z,151,217,247
2026-06-30T16:22:00.000Z,253,179,297
2026-06-30T16:23:00.000Z,179,281,335
2026-06-30T16:24:00.000Z,286,195,322
2026-06-30T16:25:00.000Z,277,270,349
2026-06-30T16:26:00.000Z,309,215,312
2026-06-30T16:27:00.000Z,319,289,388
2026-06-30T16:28:00.000Z,191,241,267
2026-06-30T16:29:00.000Z,168,183,276
2026-06-30T16:30:00.000Z,352,281,486
2026-06-30T16:31:00.000Z,310,319,428
2026-06-30T16:32:00.000Z,238,267,378
2026-06-30T16:33:00.000Z,245,315,387
2026-06-30T16:34:00.000Z,219,251,348
2026-06-30T16:35:00.000Z,264,216,345
2026-06-30T16:36:00.000Z,191,180,270
2026-06-30T16:37:00.000Z,172,164,257
2026-06-30T16:38:00.000Z,100,96,146
2026-06-30T16:39:00.000Z,194,139,221
2026-06-30T16:40:00.000Z,206,218,314
2026-06-30T16:41:00.000Z,157,115,191
2026-06-30T16:42:00.000Z,526,279,516
2026-06-30T16:43:00.000Z,193,263,331
2026-06-30T16:44:00.000Z,198,119,239
2026-06-30T16:45:00.000Z,524,416,614
2026-06-30T16:46:00.000Z,283,244,366
2026-06-30T16:47:00.000Z,333,308,403
2026-06-30T16:48:00.000Z,496,335,544
2026-06-30T16:49:00.000Z,276,305,380
2026-06-30T16:50:00.000Z,459,456,630
2026-06-30T16:51:00.000Z,193,257,294
2026-06-30T16:52:00.000Z,237,215,302
2026-06-30T16:53:00.000Z,260,206,300
2026-06-30T16:54:00.000Z,316,280,422
2026-06-30T16:55:00.000Z,210,338,366
2026-06-30T16:56:00.000Z,236,270,347
2026-06-30T16:57:00.000Z,245,179,292
2026-06-30T16:58:00.000Z,278,349,395
2026-06-30T16:59:00.000Z,281,249,373
2026-06-30T17:00:00.000Z,259,251,385
2026-06-30T17:01:00.000Z,294,314,414
2026-06-30T17:02:00.000Z,460,281,481
2026-06-30T17:03:00.000Z,608,339,587
2026-06-30T17:04:00.000Z,284,292,382
2026-06-30T17:05:00.000Z,215,193,287
2026-06-30T17:06:00.000Z,232,217,291
2026-06-30T17:07:00.000Z,173,146,239
2026-06-30T17:08:00.000Z,274,183,308
2026-06-30T17:09:00.000Z,286,311,383
2026-06-30T17:10:00.000Z,185,235,301
2026-06-30T17:11:00.000Z,125,140,189
2026-06-30T17:12:00.000Z,235,271,356
2026-06-30T17:13:00.000Z,189,272,330
2026-06-30T17:14:00.000Z,289,327,437
2026-06-30T17:15:00.000Z,326,401,496
2026-06-30T17:16:00.000Z,329,279,428
2026-06-30T17:17:00.000Z,245,227,310
2026-06-30T17:18:00.000Z,159,170,236
2026-06-30T17:19:00.000Z,192,177,219
2026-06-30T17:20:00.000Z,360,249,414
2026-06-30T17:21:00.000Z,314,336,365
2026-06-30T17:22:00.000Z,219,257,306
2026-06-30T17:23:00.000Z,258,302,342
2026-06-30T17:24:00.000Z,293,275,358
2026-06-30T17:25:00.000Z,153,205,228
2026-06-30T17:26:00.000Z,111,130,182
2026-06-30T17:27:00.000Z,275,426,482
2026-06-30T17:28:00.000Z,320,445,503
2026-06-30T17:29:00.000Z,250,320,386
2026-06-30T17:30:00.000Z,270,312,398
2026-06-30T17:31:00.000Z,173,231,262
2026-06-30T17:32:00.000Z,311,399,450
2026-06-30T17:33:00.000Z,249,180,302
2026-06-30T17:34:00.000Z,236,189,289
2026-06-30T17:35:00.000Z,242,178,304
2026-06-30T17:36:00.000Z,161,311,333
2026-06-30T17:37:00.000Z,125,123,177
2026-06-30T17:38:00.000Z,244,363,388
2026-06-30T17:39:00.000Z,172,193,253
2026-06-30T17:40:00.000Z,199,181,275
2026-06-30T17:41:00.000Z,183,239,276
2026-06-30T17:42:00.000Z,372,258,454
2026-06-30T17:43:00.000Z,125,150,212
2026-06-30T17:44:00.000Z,265,294,373
2026-06-30T17:45:00.000Z,226,341,414
2026-06-30T17:46:00.000Z,182,245,306
2026-06-30T17:47:00.000Z,147,198,254
2026-06-30T17:48:00.000Z,172,207,278
2026-06-30T17:49:00.000Z,134,179,227
2026-06-30T17:50:00.000Z,260,330,387
2026-06-30T17:51:00.000Z,286,230,372
2026-06-30T17:52:00.000Z,172,264,297
2026-06-30T17:53:00.000Z,261,384,418
2026-06-30T17:54:00.000Z,119,173,214
2026-06-30T17:55:00.000Z,99,193,219
2026-06-30T17:56:00.000Z,87,100,146
2026-06-30T17:57:00.000Z,112,67,135
2026-06-30T17:58:00.000Z,164,235,301
2026-06-30T17:59:00.000Z,80,123,141
2026-06-30T18:00:00.000Z,201,273,340
2026-06-30T18:01:00.000Z,195,228,305
2026-06-30T18:02:00.000Z,396,199,404
2026-06-30T18:03:00.000Z,204,218,317
2026-06-30T18:04:00.000Z,218,272,350
2026-06-30T18:05:00.000Z,150,241,275
2026-06-30T18:06:00.000Z,498,662,856
2026-06-30T18:07:00.000Z,455,328,566
2026-06-30T18:08:00.000Z,199,194,295
2026-06-30T18:09:00.000Z,139,118,198
2026-06-30T18:10:00.000Z,139,168,227
2026-06-30T18:11:00.000Z,154,179,241
2026-06-30T18:12:00.000Z,137,220,250
2026-06-30T18:13:00.000Z,144,125,218
2026-06-30T18:14:00.000Z,60,105,124
2026-06-30T18:15:00.000Z,297,319,375
2026-06-30T18:16:00.000Z,161,159,230
2026-06-30T18:17:00.000Z,143,199,243
2026-06-30T18:18:00.000Z,199,129,234
2026-06-30T18:19:00.000Z,231,191,313
2026-06-30T18:20:00.000Z,220,206,312
2026-06-30T18:21:00.000Z,349,241,394
2026-06-30T18:22:00.000Z,166,271,318
2026-06-30T18:23:00.000Z,149,166,231
2026-06-30T18:24:00.000Z,113,174,223
2026-06-30T18:25:00.000Z,247,238,331
2026-06-30T18:26:00.000Z,141,204,215
2026-06-30T18:27:00.000Z,104,118,170
2026-06-30T18:28:00.000Z,200,146,250
2026-06-30T18:29:00.000Z,66,97,136
2026-06-30T18:30:00.000Z,263,322,414
2026-06-30T18:31:00.000Z,209,187,283
2026-06-30T18:32:00.000Z,369,241,419
2026-06-30T18:33:00.000Z,129,133,195
2026-06-30T18:34:00.000Z,97,122,160
2026-06-30T18:35:00.000Z,160,160,236
2026-06-30T18:36:00.000Z,149,227,229
2026-06-30T18:37:00.000Z,173,163,226
2026-06-30T18:38:00.000Z,105,168,189
2026-06-30T18:39:00.000Z,67,81,118
2026-06-30T18:40:00.000Z,219,175,278
2026-06-30T18:41:00.000Z,284,155,280
2026-06-30T18:42:00.000Z,130,155,210
2026-06-30T18:43:00.000Z,448,265,483
2026-06-30T18:44:00.000Z,195,233,306
2026-06-30T18:45:00.000Z,188,283,306
2026-06-30T18:46:00.000Z,276,352,405
2026-06-30T18:47:00.000Z,217,151,244
2026-06-30T18:48:00.000Z,458,253,446
2026-06-30T18:49:00.000Z,532,360,597
2026-06-30T18:50:00.000Z,470,361,540
2026-06-30T18:51:00.000Z,371,495,554
2026-06-30T18:52:00.000Z,191,220,279
2026-06-30T18:53:00.000Z,223,233,312
2026-06-30T18:54:00.000Z,328,478,526
2026-06-30T18:55:00.000Z,274,200,322
2026-06-30T18:56:00.000Z,264,248,351
2026-06-30T18:57:00.000Z,130,231,254
2026-06-30T18:58:00.000Z,120,141,204
2026-06-30T18:59:00.000Z,154,149,229
2026-06-30T19:00:00.000Z,277,189,353
2026-06-30T19:01:00.000Z,225,238,346
2026-06-30T19:02:00.000Z,194,168,277
2026-06-30T19:03:00.000Z,196,231,318
2026-06-30T19:04:00.000Z,111,141,195
2026-06-30T19:05:00.000Z,177,234,296
2026-06-30T19:06:00.000Z,289,338,457
2026-06-30T19:07:00.000Z,278,221,363
2026-06-30T19:08:00.000Z,383,243,407
2026-06-30T19:09:00.000Z,376,279,457
2026-06-30T19:10:00.000Z,382,403,495
2026-06-30T19:11:00.000Z,561,422,650
2026-06-30T19:12:00.000Z,198,236,320
2026-06-30T19:13:00.000Z,254,220,338
2026-06-30T19:14:00.000Z,234,249,349
2026-06-30T19:15:00.000Z,195,229,319
2026-06-30T19:16:00.000Z,159,234,292
2026-06-30T19:17:00.000Z,290,300,384
2026-06-30T19:18:00.000Z,513,459,667
2026-06-30T19:19:00.000Z,460,665,689
2026-06-30T19:20:00.000Z,283,258,393
2026-06-30T19:21:00.000Z,200,251,319
2026-06-30T19:22:00.000Z,217,263,355
2026-06-30T19:23:00.000Z,132,164,233
2026-06-30T19:24:00.000Z,231,228,350
2026-06-30T19:25:00.000Z,249,193,342
2026-06-30T19:26:00.000Z,301,464,551
2026-06-30T19:27:00.000Z,236,263,375
2026-06-30T19:28:00.000Z,174,210,285
2026-06-30T19:29:00.000Z,285,294,422
2026-06-30T19:30:00.000Z,394,544,671
2026-06-30T19:31:00.000Z,288,276,410
2026-06-30T19:32:00.000Z,330,398,498
2026-06-30T19:33:00.000Z,253,190,317
2026-06-30T19:34:00.000Z,202,319,337
2026-06-30T19:35:00.000Z,378,533,594
2026-06-30T19:36:00.000Z,459,486,651
2026-06-30T19:37:00.000Z,238,358,415
2026-06-30T19:38:00.000Z,302,294,409
2026-06-30T19:39:00.000Z,280,315,419
2026-06-30T19:40:00.000Z,627,530,769
2026-06-30T19:41:00.000Z,245,344,407
2026-06-30T19:42:00.000Z,332,376,471
2026-06-30T19:43:00.000Z,254,390,459
2026-06-30T19:44:00.000Z,344,297,401
2026-06-30T19:45:00.000Z,538,614,803
2026-06-30T19:46:00.000Z,425,340,521
2026-06-30T19:47:00.000Z,205,309,388
2026-06-30T19:48:00.000Z,333,465,589
2026-06-30T19:49:00.000Z,213,274,355
2026-06-30T19:50:00.000Z,812,1016,1291
2026-06-30T19:51:00.000Z,522,597,789
2026-06-30T19:52:00.000Z,585,604,798
2026-06-30T19:53:00.000Z,947,899,1320
2026-06-30T19:54:00.000Z,1270,1325,1602
2026-06-30T19:55:00.000Z,1364,1194,1720
2026-06-30T19:56:00.000Z,836,925,1292
2026-06-30T19:57:00.000Z,937,1033,1329
2026-06-30T19:58:00.000Z,1386,1570,2001
2026-06-30T19:59:00.000Z,6882,7282,9042
2026-06-30T20:00:00.000Z,2623,2969,3848
2026-06-30T20:01:00.000Z,624,751,934
2026-06-30T20:02:00.000Z,396,536,628
2026-06-30T20:03:00.000Z,291,448,495
2026-06-30T20:04:00.000Z,205,272,351
2026-06-30T20:05:00.000Z,284,290,419
2026-06-30T20:06:00.000Z,182,247,318
2026-06-30T20:07:00.000Z,218,246,314
2026-06-30T20:08:00.000Z,184,287,333
2026-06-30T20:09:00.000Z,126,162,189
2026-06-30T20:10:00.000Z,193,294,355
2026-06-30T20:11:00.000Z,453,664,804
2026-06-30T20:12:00.000Z,172,204,294
2026-06-30T20:13:00.000Z,160,223,285
2026-06-30T20:14:00.000Z,164,227,277
2026-06-30T20:15:00.000Z,165,278,301
2026-06-30T20:16:00.000Z,183,400,363
2026-06-30T20:17:00.000Z,154,151,237
2026-06-30T20:18:00.000Z,137,215,217
2026-06-30T20:19:00.000Z,108,202,173
2026-06-30T20:20:00.000Z,113,111,165
2026-06-30T20:21:00.000Z,128,221,209
2026-06-30T20:22:00.000Z,206,189,247
2026-06-30T20:23:00.000Z,85,249,161
2026-06-30T20:24:00.000Z,36,48,62
2026-06-30T20:25:00.000Z,52,160,117
2026-06-30T20:26:00.000Z,56,60,92
2026-06-30T20:27:00.000Z,35,58,73
2026-06-30T20:28:00.000Z,59,70,102
2026-06-30T20:29:00.000Z,55,80,91
2026-06-30T20:30:00.000Z,142,121,169
2026-06-30T20:31:00.000Z,66,163,156
2026-06-30T20:32:00.000Z,41,57,78
2026-06-30T20:33:00.000Z,40,45,66
2026-06-30T20:34:00.000Z,43,46,62
2026-06-30T20:35:00.000Z,58,63,76
2026-06-30T20:36:00.000Z,51,104,99
2026-06-30T20:37:00.000Z,59,40,69
2026-06-30T20:38:00.000Z,53,51,72
2026-06-30T20:39:00.000Z,21,35,41
2026-06-30T20:40:00.000Z,34,77,78
2026-06-30T20:41:00.000Z,18,44,37
2026-06-30T20:42:00.000Z,28,66,61
2026-06-30T20:43:00.000Z,29,31,43
2026-06-30T20:44:00.000Z,63,69,80
2026-06-30T20:45:00.000Z,41,86,87
2026-06-30T20:46:00.000Z,62,76,97
2026-06-30T20:47:00.000Z,49,95,98
2026-06-30T20:48:00.000Z,69,112,129
2026-06-30T20:49:00.000Z,53,89,99
2026-06-30T20:50:00.000Z,64,93,104
2026-06-30T20:51:00.000Z,65,67,79
2026-06-30T20:52:00.000Z,35,57,57
2026-06-30T20:53:00.000Z,39,27,49
2026-06-30T20:54:00.000Z,19,34,38
2026-06-30T20:55:00.000Z,27,39,46
2026-06-30T20:56:00.000Z,58,65,89
2026-06-30T20:57:00.000Z,36,41,66
2026-06-30T20:58:00.000Z,26,39,43
2026-06-30T20:59:00.000Z,81,79,104
